Date,,,,,,,,,,,,,,,,,,,,,,,,,,,,,,,,,,,,,,,,,,
Sat Jul 29 23:35:07 2023,0.11,0.79,0.52,0.1,0.74,0.53,-0.1,0.78,0.5,-0.77,0.59,0.35,-0.94,0.3,-0.1,-0.92,0.23,-0.26,-1.36,0.09,-0.35,-0.85,0.08,-0.48,-1.71,-0.14,-1.78,-0.04,-0.61,-0.28,0,-1,-0.35,-0.009999999,-0.98,-0.31,-0.009999999,-0.99,-0.32,-0.009999999,-0.9599999,-0.34
Sat Jul 29 23:36:58 2023,1,0.09,-0.42,1,0.07,-0.41,1.38,0.15,-0.45,-0.45,0.99,0.05,-1.05,0.25,-0.56,-0.94,0.38,-0.44,-0.84,0.59,-0.5,-1.98,0.7,-1.01,-0.55,-0.18,-0.82,-0.61,-0.17,-0.85,-0.6,-0.16,-0.85,-0.6,-0.15,-0.85,-0.6,-0.15,-0.87,-0.6,-0.15,-0.85
Sat Jul 29 23:39:01 2023,1.03,-0.22,-0.07,1.01,-0.27,-0.16,-0.93,0.9700001,0.25,-0.76,0.36,-0.19,-0.81,0.54,-0.18,-0.78,0.61,-0.23,-0.33,0.51,-0.49,0.04,-0.06,-1.08,0.02,-0.06,-1.09,0.02,-0.05,-1.1,0.02,-0.05,-1.1,0.02,-0.04,-1.1,0.02,-0.05,-1.09,0.02,-0.04,-1.09
Sat Jul 29 23:42:53 2023,-0.94,-0.1,-0.35,-0.93,-0.12,-0.36,-0.9599999,-0.15,-0.35,-1.01,-0.11,-0.57,-0.63,-0.8,-0.14,0.41,-0.25,0.73,0.08,-0.62,0.82,0.02,-0.36,0.85,-0.02,-0.09,0.91,0.65,-0.29,0.83,0.33,-0.24,0.82,-0.23,-0.36,0.62,-0.55,-0.44,0.4,-0.5,-0.4,0.67
Sat Jul 29 23:43:33 2023,-0.92,-0.11,-0.39,-0.95,-0.17,-0.44,-0.87,-0.23,-0.51,-0.98,-0.1,-0.28,-0.76,-0.28,-0.44,-0.77,-0.39,-0.34,-0.85,-0.64,-0.06,0.2,-0.11,0.98,-0.21,-0.29,0.88,-0.22,-0.3,0.83,-0.23,-0.28,0.84,-0.23,-0.28,0.84,-0.24,-0.26,0.85,-0.25,-0.25,0.86
Sat Jul 29 23:45:11 2023,-0.94,-0.22,-0.23,-0.86,-0.34,-0.31,-0.92,-0.29,-0.27,-1.17,-0.24,-0.27,-0.85,-0.1,-0.24,-1.26,-0.23,0.1,-0.14,-0.71,0.77,-0.34,-0.58,0.57,-0.39,-0.54,0.65,-0.4,-0.54,0.65,-0.4,-0.51,0.67,-0.4,-0.5,0.67,-0.39,-0.51,0.66,-0.4,-0.5,0.67
Sat Jul 29 23:46:52 2023,-0.89,-0.13,-0.5,-0.84,-0.11,-0.48,-0.9,-0.1,-0.43,-1.03,-0.08,-0.5,-0.09,0.05,-0.2,0.22,-0.59,0.65,0.07,-0.52,0.77,0.04,-0.39,0.84,0.12,-0.71,0.66,-0.03,-0.64,0.73,-0.33,-0.78,0.36,0,-0.41,0.88,0,-0.48,0.8,-0.009999999,-0.5,0.77
Sat Jul 29 23:47:35 2023,-0.84,-0.05,-0.26,-0.95,-0.18,-0.39,-0.98,-0.11,-0.45,-0.9,-0.14,-0.33,-0.06,-0.44,0.7,-0.05,-0.69,0.63,-0.02,-0.71,0.62,-0.02,-0.72,0.63,-0.009999999,-0.71,0.62,-0.009999999,-0.72,0.61,-0.02,-0.72,0.61,0.03,-0.6,0.8,-0.07,-0.78,0.65,0.21,-0.66,0.54
Sat Jul 29 23:47:57 2023,-0.92,-0.26,-0.24,-0.92,-0.28,-0.23,-0.89,-0.25,-0.21,-0.66,-0.23,-0.1,-0.84,-0.4,-0.02,0.16,-0.62,0.5,0.2,-0.8,0.54,-0.009999999,-0.81,0.49,-0.02,-0.82,0.5,-0.02,-0.82,0.5,-0.03,-0.82,0.49,-0.02,-0.83,0.48,-0.03,-0.83,0.48,-0.009999999,-0.84,0.45
Sat Jul 29 23:48:48 2023,-0.94,-0.12,-0.37,-0.92,-0.1,-0.38,-0.83,-0.26,-0.43,-1.45,-1.21,-0.91,1.02,-0.15,-0.6,0.04,-1.43,-0.009999999,0.02,-1,-0.15,0.009999999,-1,-0.15,0,-1.01,-0.11,0,-1,-0.12,0,-1.01,-0.11,0.009999999,-1.01,-0.1,0.009999999,-1.01,-0.09,0.009999999,-1.01,-0.09
Sun Jul 30 00:05:45 2023,0.16,-0.68,-0.82,0.16,-0.72,-0.77,-0.06,-0.9,-0.63,-0.47,-0.37,-0.29,-0.85,-0.51,-0.06,-0.77,-0.64,-0.27,-0.33,-0.41,-0.009999999,-0.2,-0.83,-0.66,-0.12,-0.77,-0.74,-0.11,-0.76,-0.73,-0.11,-0.76,-0.73,-0.1,-0.73,-0.75,-0.1,-0.73,-0.76,-0.09,-0.72,-0.77
Sun Jul 30 00:06:18 2023,-0.86,-0.45,0.04,-0.87,-0.43,0.04,-0.87,-0.42,0.009999999,-0.9,-0.44,0.12,-0.76,-0.41,-0.03,-0.83,-0.51,0.04,-0.75,-0.54,0,-0.87,-0.37,-0.09,-0.41,-0.4,-0.91,-0.44,-0.42,-0.88,-0.43,-0.41,-0.87,-0.44,-0.4,-0.88,-0.44,-0.41,-0.88,-0.44,-0.41,-0.88
Sun Jul 30 00:07:28 2023,0.16,-0.89,-0.55,0.15,-0.87,-0.6,0.16,-0.86,-0.59,0.11,-0.95,-0.66,-0.37,-0.76,0.21,-0.43,-0.74,0.33,-0.62,-0.81,0.33,-0.43,0,-0.16,-0.13,-0.4,-0.99,-0.08,-0.44,-0.98,-0.08,-0.44,-0.98,-0.09,-0.44,-1,-0.08,-0.43,-1,-0.08,-0.43,-1
Sun Jul 30 00:07:54 2023,-0.84,-0.39,0.2,-0.83,-0.35,0.2,-0.87,-0.4,0.2,-0.85,-0.38,0.2,-0.75,-0.46,0.19,-0.86,-0.36,0.14,-0.55,-0.4,0.15,-0.27,-0.24,-1.38,-0.26,-0.16,-1.05,-0.25,-0.16,-1.04,-0.26,-0.16,-1.03,-0.25,-0.15,-1.04,-0.26,-0.15,-1.03,-0.25,-0.15,-1.04
Sun Jul 30 00:08:17 2023,-0.88,-0.33,-0.15,-0.91,-0.3,-0.14,-0.92,-0.33,-0.14,-0.92,-0.32,-0.16,-0.99,-0.35,-0.15,-0.95,-0.16,-0.08,-0.8,-0.43,-0.24,-0.71,-0.33,-0.11,-0.76,-0.4,-0.04,-0.63,-0.71,0.23,0.14,-0.28,-1.98,-0.21,-0.56,-0.9,-0.22,-0.55,-0.89,-0.22,-0.55,-0.9
Sun Jul 30 00:08:57 2023,-0.51,-0.72,0.32,-0.7,-0.71,0.49,-0.33,-0.36,0.98,-0.56,-0.62,0.49,-0.68,-0.45,0.42,-0.63,-0.47,0.15,-1.05,-0.47,0.11,-0.75,-0.5,0.31,-0.83,-0.52,0.23,-0.55,-0.51,0.07,-0.12,-0.59,-0.99,-0.15,-0.53,-0.93,-0.14,-0.53,-0.92,-0.15,-0.54,-0.93
Sun Jul 30 00:09:23 2023,-0.88,-0.45,-0.009999999,-0.88,-0.38,-0.05,-0.9,-0.37,-0.03,-0.92,-0.37,-0.03,-0.98,-0.44,0.12,-0.72,-0.65,0.28,-0.6,-0.48,0.4,-0.3,-0.65,0.44,-0.71,-0.21,0.21,-0.55,-0.69,0.2,-0.18,-0.39,-1.18,-0.14,-0.27,-1.04,-0.15,-0.27,-1.05,-0.15,-0.26,-1.05
Sun Jul 30 00:09:46 2023,-0.44,-0.56,0.54,-0.65,-0.53,0.42,-0.6,-0.61,0.39,-0.69,-0.54,0.3,-0.6,-0.57,0.33,-0.72,-0.5,0.39,-0.6,-0.6,0.37,-0.73,-0.63,0.28,-0.31,-0.33,0.17,-0.33,-0.16,-1.09,-0.19,-0.33,-1.02,-0.17,-0.33,-1.02,-0.18,-0.33,-1.02,-0.18,-0.33,-1.01
Sun Jul 30 00:11:00 2023,-0.88,-0.36,-0.31,-0.9,-0.35,-0.21,-0.89,-0.33,-0.23,-0.95,-0.24,-0.34,-0.82,-0.29,-0.34,-0.9700001,-0.39,-0.38,-0.77,-0.32,-0.39,-0.68,-0.18,-0.24,-1.33,-1.71,-0.7,-0.35,-0.11,-1.1,-0.36,-0.07,-1,-0.36,-0.07,-1.01,-0.35,-0.08,-1,-0.36,-0.07,-1.01
Sun Jul 30 00:11:23 2023,-0.91,-0.45,0.1,-1.37,-0.33,-0.03,-0.63,-0.52,0.4,-0.54,-0.61,0.35,-0.71,-0.4,0.34,-0.92,-0.57,0.14,-0.76,-0.56,0.17,-0.7,-0.53,-0.07,-0.94,-0.35,-0.19,-0.25,0,-1.09,-0.3,0.02,-1.04,-0.27,0.02,-1.04,-0.27,0.02,-1.05,-0.25,0.009999999,-1.06
Sat Aug  5 21:02:22 2023,0.009999999,0.49,-0.9700001,0.02,0.49,-0.9599999,0.02,0.5,-0.9599999,0,0.54,-0.93,-1.07,0.14,-0.22,-0.94,-0.009999999,-0.36,-0.93,-0.03,-0.37,-0.92,-0.07,-0.38,-0.93,-0.07,-0.38,-0.93,-0.05,-0.38,-0.92,-0.04,-0.39,-0.93,-0.08,-0.35,-0.86,-0.07,-0.35,-0.99,0.11,-0.27
Sat Aug  5 21:04:22 2023,-0.009999999,0.55,-0.93,0,0.57,-0.94,0.009999999,0.04,-1,-0.58,-0.8,-0.71,-0.76,0,-0.04,-1.03,0.14,-0.16,-0.88,0.25,-0.24,-1.43,0.58,-0.42,-1.67,-0.17,0.43,-0.52,0.2,-1.13,-0.44,0.18,-0.98,-0.43,0.18,-0.9599999,-0.42,0.19,-0.95,-0.45,0.19,-0.95
Sat Aug  5 21:04:59 2023,-0.11,0.63,-0.86,-0.12,0.63,-0.87,-0.98,0.09,-0.4,-1.22,-0.009999999,-0.22,-0.88,0.23,-0.06,-0.98,0.16,-0.24,-0.94,0.09,-0.51,-1.02,0.13,-0.27,-1.98,2,-1.98,-0.21,-0.7,0.64,-0.05,-0.33,0.86,-0.04,-0.27,0.88,-0.03,-0.23,0.89,-0.04,-0.24,0.88
Sat Aug  5 21:05:35 2023,0.33,0.7,-0.74,0.35,0.7,-0.74,-1.06,0.38,-0.14,-1.06,0.17,-0.18,-0.86,0.15,-0.25,-1.51,0.51,1.12,-0.7,-0.66,-0.45,-0.55,-0.74,-0.26,-0.51,-0.8,-0.33,-0.53,-0.79,-0.37,-0.51,-0.8,-0.35,-0.51,-0.8,-0.35,-0.51,-0.8,-0.36,-0.53,-0.8,-0.35
Sat Aug  5 21:08:05 2023,0.18,0.83,-0.64,0.16,0.82,-0.67,-1.05,0.72,-0.24,-0.8,0.33,0.06,-0.99,0.15,-0.19,-1.1,0.05,-0.11,-0.95,0.26,-0.14,-1.02,0.2,-0.12,-1.27,0.26,-0.24,-0.87,0.15,0.04,-0.9700001,1.42,-1.93,-0.17,-0.63,0.79,0,-0.44,0.82,0,-0.42,0.82
Sat Aug  5 21:09:15 2023,0.11,0.65,-0.86,0.11,0.66,-0.86,-1,0.41,0.02,-1.02,0.25,-0.11,-0.86,0.25,-0.37,-1.19,0.29,-0.2,-1.98,-1.98,0.9700001,0.07,-1.29,0.19,-0.07,-0.77,0.51,-0.07,-0.7,0.64,-0.07,-0.69,0.63,-0.07,-0.7,0.64,-0.07,-0.69,0.64,-0.07,-0.68,0.65
Sat Aug  5 21:10:26 2023,-0.65,-0.18,-0.8,-0.65,-0.11,-0.91,-0.27,0.27,-1,-0.08,-0.65,-0.87,-0.54,0.03,-0.26,-0.9700001,0.17,-0.17,-0.93,0.06,-0.43,-0.68,0.05,-0.21,-0.79,0.1,-0.07,-0.62,0.35,-0.33,-0.83,-0.009999999,-1,-0.08,0.2,-1.07,-0.09,0.22,-1.08,-0.07,0.21,-1.06
Sat Aug  5 21:11:10 2023,-0.08,0.62,-0.87,-0.07,0.61,-0.88,-0.16,0.86,-0.93,-0.74,-0.12,0.02,-0.89,0.35,-0.38,-0.86,0.18,-0.29,-0.95,0.16,-0.11,-1.32,0.15,-0.24,-1.16,-0.55,0.68,-1.17,-0.38,-0.49,-0.82,-0.41,-0.4,-0.83,-0.4,-0.44,-0.81,-0.41,-0.43,-0.82,-0.41,-0.43
Sat Aug  5 21:14:08 2023,-0.98,0.35,-0.05,-1.28,-0.07,-0.16,-1.14,0.32,-0.28,-0.84,0.35,-0.12,-0.92,0,0.08,-0.93,0.009999999,0.11,-0.93,-0.03,0.16,-0.94,0.009999999,0.15,-0.74,0.41,-0.02,-0.37,0.73,-0.14,-0.06,0.9700001,-0.15,-0.17,1,-0.18,-0.19,0.9700001,-0.2,-0.25,0.95,-0.26
Sat Aug  5 21:15:24 2023,-0.85,-0.18,0.34,-0.85,-0.2,0.34,-0.84,-0.26,0.35,-0.9,0.09,-0.16,-1.04,-0.03,-0.4,-1.06,0.05,-0.23,-0.77,0.15,-0.33,-0.42,0.76,-0.18,0.16,-0.61,-1.31,-0.25,-0.08,-1.11,-0.22,-0.05,-1.07,-0.21,-0.03,-1.07,-0.19,-0.02,-1.07,-0.2,-0.009999999,-1.08
Sat Aug  5 21:15:55 2023,-0.77,-0.26,0.46,-0.77,-0.25,0.46,-1.01,0.23,-0.16,-1.09,0.27,-0.06,-0.86,-0.14,-0.13,-0.64,0.12,-0.18,-0.03,-0.07,-0.68,-0.11,0.3,-1.02,-0.09,0.28,-1.07,-0.08,0.29,-1.06,-0.07,0.27,-1.05,-0.07,0.29,-1.06,-0.07,0.28,-1.06,-0.08,0.27,-1.05
Sat Aug  5 21:17:15 2023,0.87,0.06,-0.64,0.88,0.04,-0.63,0.9,0.11,-0.68,-1.1,1.05,-0.46,-0.89,0.16,-0.12,-0.72,0.19,-0.28,-1.09,0.31,-0.19,-1.07,0.009999999,-0.03,-0.99,0.36,0.04,-0.68,0.72,-0.67,-0.71,-0.06,-0.79,-0.36,0.1,-1.01,-0.35,0.12,-1.01,-0.34,0.11,-1.02
Sat Aug  5 21:17:38 2023,-0.86,-0.24,0.3,-0.83,-0.25,0.32,-1,-0.38,0.15,-0.78,0.24,-0.13,-0.9,0,-0.21,-0.83,0.2,-0.16,-0.84,0.24,-0.23,-1.03,0.07,-0.15,-0.45,-1.98,-0.09,-0.56,-0.42,-0.67,-0.57,-0.36,-0.8,-0.57,-0.37,-0.8,-0.9,-0.48,-1.16,-1.1,0.06,-0.52
Sat Aug  5 21:18:10 2023,-0.87,-0.28,0.25,-0.88,-0.28,0.25,-0.84,0.14,-0.44,-0.94,-0.08,0.1,-0.78,0.06,-0.15,-0.48,0.02,-0.08,-0.6,0,-0.18,-0.83,-0.12,-0.17,-1.1,0.06,-0.7,-0.59,-0.06,-0.9,-0.49,-0.05,-0.95,-0.49,-0.05,-0.94,-0.49,-0.04,-0.95,-0.48,-0.03,-0.94
Sat Aug  5 21:21:30 2023,0.02,0.63,-0.88,0.03,0.63,-0.89,-1.53,0.58,-0.46,-0.87,0.1,0.1,-1.24,-0.11,-0.15,-0.47,0.02,-0.19,-0.81,0.38,-0.39,-1.31,-0.02,-0.89,-0.63,-0.33,-0.85,-0.62,-0.26,-0.8,-0.63,-0.24,-0.8,-0.63,-0.24,-0.81,-0.61,-0.23,-0.82,-0.62,-0.22,-0.83
Sat Aug  5 21:21:54 2023,-0.24,0.55,-0.87,-0.25,0.58,-0.87,-1.08,0.84,-0.47,-1.06,0.13,0.06,-0.71,0.23,-0.16,-0.88,0.27,-0.23,-0.91,-0.2,-0.39,-1.05,-0.04,-0.06,2,1.2,2,-0.43,-0.32,-0.82,-0.34,-0.17,-1.01,-0.34,-0.18,-1.01,-0.33,-0.17,-1.02,-0.32,-0.17,-1.01
Sat Aug  5 21:22:29 2023,-0.13,0.75,-0.74,-0.13,0.73,-0.76,0.02,0.68,-0.76,-0.86,-0.1,-0.6,-0.92,0.3,0.009999999,-0.73,0.09,-0.03,-0.88,-0.009999999,-0.16,-1.24,-0.51,-0.39,-0.44,0.6,-0.38,-0.53,-0.33,-0.68,-0.53,-0.39,-0.82,-0.51,-0.38,-0.85,-0.51,-0.38,-0.85,-0.5,-0.37,-0.85
Sat Aug  5 21:22:53 2023,-0.86,-0.37,0.17,-1.03,0.22,-0.2,-0.85,0.3,-0.04,-1.03,-0.13,-0.15,-0.13,-0.02,-0.03,-0.3,-0.02,-0.78,-0.23,0.11,-1.06,-0.21,0.12,-1.06,0.39,0.61,0.91,0.9599999,0.38,0.36,0.99,-0.03,-0.4,0.24,0.17,-0.67,-0.56,-0.62,-0.72,-0.42,-0.32,-0.72
Sat Aug  5 21:24:11 2023,-0.02,0.73,-0.81,-0.02,0.72,-0.8,-0.24,0.92,-0.9,-0.64,-0.1,-0.81,-0.89,0.11,-0.21,-1.29,-0.05,-0.34,-0.95,0.009999999,-0.07,-0.83,0.17,-0.15,-0.9,0.22,-0.2,0.28,-1,-1.98,-0.45,-0.77,-0.45,-0.48,-0.72,-0.58,-0.45,-0.74,-0.55,-0.43,-0.76,-0.54
Sat Aug  5 21:24:38 2023,-0.2,0.71,-0.76,-0.21,0.71,-0.76,-0.63,0.13,-0.35,-0.62,-0.21,-0.48,-1.18,0.11,-0.27,-1.04,-0.1,-0.09,-1.21,-0.11,-0.22,-1.12,0.009999999,-0.24,0.05,0.35,-0.46,0.06,0.31,0.68,0.02,-0.4,0.86,0.03,-0.37,0.86,0.03,-0.36,0.87,0.03,-0.35,0.85
Sat Aug  5 21:25:32 2023,0.11,0.67,-0.83,0.1,0.68,-0.83,-0.88,0.55,-0.45,-1.12,0,-0.009999999,-1.02,-0.02,-0.19,-0.87,0.21,-0.17,-1.03,0.36,-0.14,-0.63,0.09,-0.08,0.07,-0.95,0.22,0.09,-0.95,0.26,0.09,-0.94,0.27,0.08,-0.94,0.27,0.09,-0.94,0.28,0.09,-0.92,0.28
Sat Aug  5 21:26:38 2023,-0.08,0.57,-0.93,-0.06,0.63,-0.86,-0.64,0.88,-0.95,-1.09,0.21,-0.03,-1.11,0.38,-0.03,-0.78,0.13,-0.41,-1.69,-0.08,0.17,-0.9599999,0.28,-0.32,-1.11,0.53,-0.82,-0.32,-0.3,0.69,-0.009999999,-0.67,0.65,-0.02,-0.67,0.67,-0.02,-0.66,0.67,-0.57,-0.41,-0.53
Sat Aug  5 21:27:42 2023,-0.34,0.73,-0.65,-0.33,0.73,-0.67,-0.79,0.61,-0.009999999,-1.43,0.13,-0.11,-0.71,0.06,-0.11,-0.25,-0.71,-0.79,-0.3,-0.39,-0.95,-0.26,-0.35,-0.99,-0.24,-0.34,-1,-0.24,-0.34,-1,-0.24,-0.32,-1,-0.23,-0.32,-0.99,-0.24,-0.32,-1.01,-0.23,-0.3,-1.03
Sat Aug  5 21:28:15 2023,-0.51,0.74,-0.51,-0.5,0.73,-0.5,-0.86,0.59,-0.13,-0.9,0.17,0.42,-0.69,0.44,-0.45,-0.49,0.91,-0.31,-0.65,-1.16,1.15,-0.5,-0.9,-0.27,-0.37,-0.87,-0.39,-0.38,-0.86,-0.4,-0.37,-0.86,-0.43,-0.38,-0.87,-0.41,-0.37,-0.86,-0.43,-0.36,-0.86,-0.43
Sat Aug  5 21:29:38 2023,-0.21,0.55,-0.9,-0.24,0.57,-0.89,-0.25,0.26,-0.02,-0.85,-0.009999999,0.07,-0.89,0,-0.24,-0.79,0.11,-0.23,-1.14,0.22,-0.009999999,-0.5,0.36,-1.02,0.15,0.25,-0.91,0.12,0.009999999,-1.09,0.13,-0.1,-1.09,0.13,-0.11,-1.09,0.14,-0.12,-1.08,0.14,-0.11,-1.08
Sat Aug  5 22:17:54 2023,-0.9700001,-0.08,-0.19,-0.9700001,0.009999999,-0.2,-0.73,0,-0.23,-0.8,-0.02,0.09,-0.84,-0.54,0.63,-0.2,-0.41,-0.69,-0.3,-0.55,-0.88,-0.31,-0.5,-0.88,-0.31,-0.47,-0.9,-0.31,-0.49,-0.91,-0.33,-0.44,-0.92,-0.31,-0.43,-0.92,-0.31,-0.43,-0.92,-0.32,-0.44,-0.93
Sat Aug  5 22:18:21 2023,-0.46,0.8,-0.45,-0.46,0.79,-0.45,-0.28,0.65,-0.54,-1.31,-0.2,-0.02,-0.8,0.5,-0.44,-0.9,0.56,0.15,-0.9599999,0.11,0.11,-1.57,0.45,-0.14,-1.08,0.16,0.26,-1.17,-1.34,0.57,-0.63,-0.79,-0.29,-0.55,-0.77,-0.41,-0.54,-0.76,-0.43,-0.54,-0.74,-0.43
Sat Aug  5 22:20:03 2023,-0.93,-0.27,-0.16,-0.92,-0.27,-0.18,-0.99,0.09,-0.05,-0.75,0.23,-0.41,-0.9599999,0.15,-0.1,-0.95,0.13,-0.3,-1.36,-0.4,0.03,-0.48,-0.83,-0.24,-0.48,-0.82,-0.38,-0.45,-0.84,-0.35,-0.46,-0.83,-0.33,-0.46,-0.85,-0.32,-0.45,-0.84,-0.33,-0.47,-0.85,-0.33
Sat Aug  5 22:20:25 2023,-0.9599999,-0.24,-0.1,-0.94,-0.22,-0.11,-1.01,-0.27,-0.02,-0.94,-0.1,-0.11,-1.06,-0.21,0.03,-0.78,0.2,-0.47,-1.03,0.16,-0.11,-0.34,0.26,-0.12,-0.16,-0.74,-0.95,-0.1,-0.93,-0.3,-0.06,-0.98,-0.25,-0.07,-0.99,-0.21,-0.06,-0.99,-0.23,-0.06,-0.99,-0.21
Sat Aug  5 22:20:48 2023,-0.9599999,-0.19,-0.19,-0.95,-0.14,-0.17,-0.94,-0.17,-0.21,-0.84,0,-0.04,-1.14,0.29,-0.18,-0.84,0.1,-0.22,-0.84,0.16,-0.16,-0.76,0.29,0.19,-1.98,-1.98,-1.5,-0.36,-0.17,-1.03,-0.37,-0.1,-1.01,-0.37,-0.09,-1,-0.35,-0.1,-1,-0.38,-0.08,-1.01
Sat Aug  5 22:22:05 2023,-0.9599999,-0.14,-0.3,-0.94,-0.18,-0.25,-0.69,0.17,-0.31,-1.44,0.2,-0.14,-0.48,0.14,-0.25,-0.91,0.07,0.03,-0.95,0.03,-0.1,-1.98,1.27,1.04,-0.51,0.21,-0.94,-0.47,0.29,-0.9,-0.46,0.3,-0.89,-0.45,0.33,-0.89,-0.45,0.34,-0.9,-0.45,0.33,-0.91
Sat Aug  5 22:22:54 2023,-0.98,-0.05,-0.13,-0.98,-0.03,-0.15,-0.86,0.24,-0.14,-0.87,-0.08,-0.06,-0.63,0.08,0.13,-0.83,0.009999999,0.1,-0.77,-1.98,-1.29,-0.39,0.18,-1.02,-0.44,0.19,-0.95,-0.43,0.19,-0.95,-0.43,0.19,-0.95,-0.43,0.2,-0.95,-0.44,0.2,-0.95,-0.43,0.21,-0.9599999
Sat Aug  5 22:23:20 2023,-0.9599999,-0.13,-0.06,-0.95,-0.14,-0.04,-0.83,0.13,-0.32,-0.76,0.37,0.11,-0.58,0.62,0,-0.74,0.43,-0.23,-0.74,-1.98,-1.36,-0.36,0.25,-0.9599999,-0.31,0.22,-1.01,-0.3,0.23,-1.01,-0.29,0.22,-1.01,-0.28,0.22,-1.02,-0.28,0.22,-1.02,-0.3,0.23,-1
Sat Aug  5 22:24:10 2023,-0.9599999,-0.04,-0.19,-0.9700001,-0.04,-0.17,-1.26,-0.24,0.04,-1.07,0.13,0.06,-0.94,0.15,-0.03,-0.9,0.13,-0.06,-0.1,-0.92,-0.22,-0.08,-0.99,-0.25,-0.1,-0.9700001,-0.28,-0.12,-0.98,-0.27,-0.08,-1,-0.29,-0.1,-0.9700001,-0.32,-0.11,-0.98,-0.32,-0.12,-0.98,-0.33
Sat Aug  5 22:24:43 2023,-0.9599999,-0.15,-0.08,-0.95,-0.12,-0.05,-1.07,-0.16,-0.04,-1.05,1.1,0.06,-0.77,0.36,0.12,-1.1,0.43,0.28,-1.17,0.22,-0.21,-0.95,0.44,0.14,-0.4,0.17,-0.41,-0.86,0.22,-0.28,-0.64,-0.39,0.18,-0.18,-0.9,-0.51,0.08,-0.93,-0.2,0.1,-1,-0.18
Sat Aug  5 22:25:09 2023,-0.9700001,-0.09,-0.04,-0.95,-0.05,-0.06,-1.13,-0.47,-0.009999999,-1.02,0.3,-0.05,-1.04,0.18,0.1,-1.11,0.18,0.15,-1.12,0.33,0.22,-0.72,0.07,0.02,-0.36,-0.69,0.12,-0.6,0.03,-0.57,-0.53,0.28,-0.85,-0.53,0.27,-0.87,-0.52,0.28,-0.88,-0.52,0.28,-0.88
Sat Aug  5 22:25:50 2023,-0.9599999,-0.21,0.03,-0.9599999,-0.21,0,-1.1,0.17,0.13,-0.9700001,0.1,0.06,-0.88,0.07,0.04,-0.89,-0.009999999,-0.08,-1.33,0.04,0.16,-0.86,0.03,-0.52,-0.29,-0.04,-0.66,-0.4,0.18,-0.9700001,-0.33,0.14,-1.01,-0.33,0.14,-1,-0.32,0.16,-1.02,-0.32,0.16,-1.03
Sat Aug  5 22:26:20 2023,-1,-0.04,-0.11,-0.9,0.18,-0.33,-0.51,0.57,-0.17,-0.79,0.41,0.17,-0.88,0.22,-0.22,-0.58,0.77,0.03,-1.13,0.27,0.11,-1.03,0.22,-0.07,-0.99,0.17,0.04,-0.21,0.31,-0.36,-0.24,0.07,-1.06,-0.17,0.17,-1.09,-0.15,0.18,-1.06,-0.15,0.18,-1.06
Sat Aug  5 22:26:46 2023,-0.92,-0.17,-0.31,-1.59,0.39,0.65,-0.49,0.58,0.45,-1.18,0.61,0.11,-1.06,-0.15,-0.09,0.14,0.43,-0.31,-0.35,-0.43,-1.38,-0.49,-0.47,-0.82,-0.49,-0.46,-0.81,-0.48,-0.49,-0.8,-0.5,-0.48,-0.8,-0.49,-0.49,-0.8,-0.49,-0.48,-0.81,-0.49,-0.48,-0.8
Sat Aug  5 22:27:16 2023,-0.93,-0.21,0.04,-0.88,0.12,-0.1,-1.09,0.46,0.17,-0.76,0.12,-0.05,-1.02,0,-0.53,-0.82,-0.03,-0.66,-0.77,-0.06,-0.69,-0.76,-0.07,-0.69,-0.77,-0.05,-0.68,-0.76,-0.07,-0.7,-0.76,-0.07,-0.68,-0.76,-0.06,-0.7,-0.76,-0.06,-0.66,-0.99,0.05,-0.17
Sat Aug  5 22:28:00 2023,-0.98,-0.09,-0.08,-0.9700001,-0.12,-0.12,-0.9599999,-0.05,-0.11,-1.07,-0.15,0.29,-0.9700001,-0.04,0.009999999,-1,0.26,-0.11,-1.06,-0.05,0.28,-0.11,0.91,-0.55,-0.1,0.88,-0.55,-0.11,0.88,-0.55,-0.11,0.88,-0.55,-0.1,0.87,-0.55,-0.1,0.88,-0.55,-0.1,0.9,-0.55
Sat Aug  5 22:28:22 2023,-0.9700001,-0.18,-0.12,-0.9599999,-0.19,-0.15,-0.8,-0.18,-0.02,-0.78,0.06,0,-0.77,0.26,-0.2,-0.86,0,0.03,-0.81,0.39,0.02,-1.04,0.15,0.05,1.01,0.33,-0.89,0,1.1,-0.33,0.03,0.95,-0.35,0.009999999,1.03,-0.18,0.009999999,1,-0.12,0.02,1,-0.12
Sat Aug  5 22:31:02 2023,-0.9700001,-0.02,-0.02,-0.9700001,-0.03,0.02,-0.88,0.23,0.18,-1.22,0.53,-0.7,-0.89,-0.31,-0.12,-1.33,-0.24,-0.18,-0.86,0.29,0.26,-0.37,0.42,0.48,-0.36,0.5,-0.84,-0.03,-0.86,-0.59,-0.06,-0.88,-0.58,-0.04,-0.88,-0.57,-0.04,-0.87,-0.59,-0.04,-0.88,-0.57
Sat Aug  5 22:32:35 2023,-0.93,0.11,-0.37,-0.93,0.12,-0.36,-1.25,-0.18,-0.35,-0.72,0.23,0.03,-0.72,0.31,-0.19,-0.94,0.22,-0.14,-1.13,1.23,-0.37,0.55,1.24,-1.09,0.21,0.64,-0.85,0.22,0.64,-0.88,0.21,0.65,-0.84,0.22,0.71,-0.78,0.23,0.7,-0.79,0.23,0.72,-0.78
Sat Aug  5 22:35:28 2023,0.06,0.83,-0.67,0.05,0.83,-0.66,-0.1,0.83,-0.43,-0.82,0.44,0.64,-0.93,0.26,-0.12,-0.95,0.16,-0.28,-0.92,0.11,-0.22,-1.05,0.2,0.009999999,0,0.07,-0.59,-0.45,-0.71,-0.63,-0.37,-0.69,-0.71,-0.4,-0.61,-0.78,-0.39,-0.63,-0.75,-0.39,-0.59,-0.78
Sat Aug  5 22:35:54 2023,-0.27,0.94,-0.26,-0.27,0.94,-0.27,-0.34,0.95,-0.11,-0.91,0.16,0.21,-0.74,0.22,-0.26,-0.83,0.18,-0.05,-0.87,0.36,-0.21,-0.81,-0.07,-0.2,0.92,0.51,-0.09,0.2,1,-0.13,0.19,1,-0.12,0.76,0.78,-0.68,-0.52,-0.23,-0.82,-1.34,0.15,0.39
Sat Aug  5 22:36:15 2023,-0.68,0.67,-0.33,-0.69,0.67,-0.32,-0.83,0.67,0.23,-0.46,0.27,-0.05,-0.85,0.48,-0.9700001,-0.72,0.59,-1.16,-1.02,0.45,-0.32,1.87,2,-1.98,0.16,0.62,-0.43,0.3,0.81,-0.65,0.29,0.86,-0.57,0.3,0.84,-0.58,0.3,0.86,-0.54,0.3,0.86,-0.54
Sat Aug  5 22:36:34 2023,-0.77,0.62,-0.13,-0.75,0.62,-0.12,-0.85,0,-0.24,-1.43,0.69,-0.03,-1.47,-0.38,-1.7,-0.62,0.12,-0.83,-0.63,0.11,-0.84,-0.64,0.13,-0.84,-0.43,-0.2,-0.98,-0.61,0.65,-0.52,-0.86,0.35,-0.31,-0.75,0.3,-0.63,-1.41,0.11,0.39,-1.55,0.16,0.17
Sat Aug  5 22:37:03 2023,0.1,0.92,-0.51,-0.53,0.77,-0.43,-1.88,-0.13,0.36,-1.98,0.58,-0.05,-0.91,0.25,-0.25,-0.86,0.25,-0.09,0.25,0.62,0.16,0.35,0.65,-0.36,0.35,0.74,-0.64,0.34,0.7,-0.72,0.33,0.68,-0.78,0.22,1.33,-0.08,0.3,0.99,-0.37,0.41,0.9,-0.25
Sat Aug  5 22:37:27 2023,-0.66,0.68,-0.31,-0.89,0.47,0.38,-0.5,-0.12,0.57,-0.42,-0.08,-0.52,-0.27,0.05,-0.72,-1.03,0.43,-0.19,1.26,-0.29,-1.69,0.65,0.75,-0.24,0.51,0.64,-0.75,0.49,0.71,-0.63,0.5,0.7,-0.61,0.49,0.7,-0.66,0.49,0.71,-0.61,0.49,0.71,-0.62
Sat Aug  5 22:37:51 2023,-0.53,0.83,-0.08,-0.57,0.83,-0.04,-0.83,0.48,0.29,-0.68,0.09,-0.13,-0.86,0.2,-0.009999999,-1.03,0.08,0.06,-0.5,0.44,-0.17,1.04,0.29,-0.53,0.47,0.69,-0.1,0.11,0.81,0.51,0.11,0.81,0.51,0.1,0.81,0.51,0.14,0.73,0.53,0.78,1.06,-0.34
Sat Aug  5 22:38:13 2023,-0.7,0.64,-0.33,-0.7,0.63,-0.32,-0.69,0.72,-0.09,-0.55,0.27,-0.1,-0.9599999,0.26,-0.07,-0.98,0.36,-0.17,-1.01,0.21,0.03,-0.9700001,0.5,-0.09,-1.98,0.66,-1.92,-0.69,-0.27,-0.54,-0.55,-0.18,-0.88,-0.55,-0.17,-0.89,-0.56,-0.18,-0.88,-0.55,-0.17,-0.9
Sat Aug  5 22:38:39 2023,-0.61,0.69,-0.41,-0.72,0.74,-0.35,-0.72,0.59,-0.38,-0.58,0.61,-0.43,-0.59,1.1,-0.44,-0.81,0.009999999,-0.02,-0.7,0.12,-0.24,-0.53,-0.7,-0.59,-0.36,-0.86,-0.41,-0.35,-0.88,-0.43,-0.34,-0.89,-0.41,-0.33,-0.9,-0.38,-0.34,-0.9,-0.38,-0.44,-0.93,-0.43
Sat Aug  5 22:39:06 2023,-0.69,0.65,-0.38,-1.56,0.28,0.06,-0.98,0.15,-0.04,-0.85,0.29,-0.27,-1.36,0.4,-0.33,-0.98,0.06,-0.21,-0.05,0.37,-0.7,-0.72,-1.11,-0.38,-0.4,-0.85,-0.38,-0.4,-0.86,-0.39,-0.4,-0.85,-0.39,-0.41,-0.85,-0.39,-0.4,-0.87,-0.4,-0.39,-0.86,-0.41
Sat Aug  5 22:39:36 2023,0.07,0.95,0.27,0.009999999,0.99,0.23,-0.48,0.98,0,-0.57,0.21,-0.03,-0.85,0.35,-0.09,-0.9599999,0.34,-0.14,-1.02,0.32,-0.06,-0.79,0.2,-0.61,-1.6,2,-1.1,0.09,1.01,0.09,0.11,0.94,-0.36,0.11,1,-0.22,0.1,0.99,-0.23,0.1,0.99,-0.24
Sat Aug  5 22:40:00 2023,-0.92,0.32,0,-0.92,0.32,0.03,-0.91,-0.009999999,-0.28,-0.98,0.12,0.15,-0.79,0.41,-0.21,-1.05,0.38,-0.1,-0.86,0.13,-0.23,-0.34,-0.12,-1.8,-0.27,0.12,-0.9599999,-0.21,0.18,-1.06,-0.22,0.19,-1.05,-0.21,0.19,-1.06,-0.21,0.18,-1.05,-0.21,0.19,-1.05
Sat Aug  5 22:40:37 2023,-0.05,0.9700001,0.18,-0.05,0.9700001,0.17,-0.04,0.9599999,0.18,-0.27,0.67,-0.33,-0.74,0.26,-0.12,-1.09,0.22,-0.27,-0.9700001,0.32,-0.04,-0.87,0.05,-0.24,-1.65,0.84,-0.28,-0.11,0.52,-0.87,-0.04,0.58,-0.9,-0.05,0.56,-0.88,-0.03,0.57,-0.9,-0.03,0.57,-0.91
Sat Aug  5 22:44:13 2023,-0.77,0.61,-0.08,-0.8,0.59,-0.07,-1.03,0.18,0.15,-0.9599999,0.22,-0.12,-0.84,0.32,-0.12,-0.86,0.29,-0.07,-1.12,0.23,-0.22,-0.4,1.51,0.36,-0.17,0.36,-0.95,-0.17,0.42,-0.98,-0.17,0.43,-0.99,-0.16,0.42,-0.98,-0.16,0.44,-0.9700001,-0.04,0.5,-0.9599999
Sat Aug  5 22:45:02 2023,-0.22,0.92,-0.4,-0.22,0.92,-0.4,-0.22,0.93,-0.41,-0.68,0.71,-0.17,-0.76,0.18,-0.02,-1.13,0.37,-0.51,-0.83,0.04,-0.26,-1.44,-0.31,-1.98,-0.3,0.22,-0.79,-0.4,0.26,-0.95,-0.35,0.25,-0.99,-0.35,0.25,-0.99,-0.35,0.25,-0.99,-0.35,0.25,-0.98
Sat Aug  5 22:45:25 2023,-0.81,0.49,-0.3,-0.82,0.5,-0.3,-0.63,0.56,-0.21,-0.78,0.25,0.03,-0.85,0.38,-0.17,-1.29,0.4,0.009999999,-0.82,-0.06,-0.1,0.33,0.57,-0.88,0.34,0.55,-0.87,0.32,0.56,-0.87,0.32,0.55,-0.88,0.32,0.55,-0.87,0.32,0.56,-0.88,0.33,0.56,-0.88
Sat Aug  5 22:45:57 2023,-0.68,0.64,-0.42,-0.68,0.63,-0.43,-0.7,0.71,-0.42,-0.82,0.62,0.02,-0.9599999,0.25,-0.28,-0.78,0.31,-0.17,-0.58,0.47,-0.1,-0.03,0.13,-0.11,0.64,0.77,-0.56,0.51,0.75,-0.56,0.52,0.75,-0.51,0.52,0.78,-0.53,0.52,0.77,-0.52,0.52,0.78,-0.5
Sat Aug  5 22:47:34 2023,-0.9,0.23,-0.39,-0.9,0.24,-0.36,-0.9,0.23,-0.34,-0.89,0.17,-0.4,-0.9599999,0.22,-0.22,-0.76,0.12,-0.05,-0.05,0.43,-0.11,0.25,1.11,0.09,0.13,0.65,0.64,0.14,0.64,0.69,0.14,0.66,0.66,0.15,0.67,0.66,0.14,0.66,0.66,0.15,0.67,0.67
Sat Aug  5 22:47:57 2023,-0.86,0.47,-0.16,-0.86,0.45,-0.16,-0.8,0.33,-0.2,-0.45,0.41,-0.6,-0.9700001,0.21,-0.06,0.29,1.13,-0.77,0.23,0.99,-0.69,0.38,0.83,-0.55,0.38,0.84,-0.55,0.38,0.82,-0.55,0.38,0.85,-0.49,0.39,0.85,-0.49,0.34,0.9,-0.35,0.3,0.68,-0.82
Sat Aug  5 22:48:21 2023,-0.98,0.02,-0.25,-1,-0.19,-0.15,-0.77,0.25,-0.09,-1.43,0.27,0.09,-0.87,0.11,-0.02,-0.9700001,0.49,-0.05,-0.9599999,0.37,0.14,0.03,-0.11,-0.5,-0.43,-0.26,-1.15,-0.41,-0.29,-0.9,-0.46,-0.28,-0.9,-0.46,-0.31,-0.91,-0.47,-0.3,-0.9,-0.48,-0.3,-0.92
Sat Aug  5 22:49:05 2023,-0.93,0.28,-0.04,-0.95,0.25,-0.07,-1.15,0.07,0.03,-1.11,0.26,0.009999999,-0.98,0.11,0.09,-1.98,2,-0.04,-0.77,-0.04,-1.52,-0.42,-0.28,-0.93,-0.49,-0.41,-0.9,-0.43,-0.3,-0.93,-0.41,-0.32,-0.92,-0.42,-0.33,-0.93,-0.42,-0.32,-0.93,-0.42,-0.32,-0.92
Sat Aug  5 22:49:30 2023,-0.92,0.21,-0.009999999,-0.94,0.23,-0.02,-0.94,0.22,-0.02,-1.6,-0.81,-0.8,-1.05,-0.13,0.4,-1.06,0.33,-0.39,-1.02,0.24,-0.02,-0.9700001,0.26,-0.18,0.36,2,0.35,0.29,0.95,-0.57,0.09,0.58,-0.74,0.22,0.76,-0.72,0.21,0.78,-0.71,0.18,0.77,-0.73
Sat Aug  5 22:49:58 2023,-0.81,0.42,-0.42,-0.81,0.44,-0.38,-0.94,0.06,-0.05,-1.06,0.61,-0.49,-1.07,0.31,-0.26,-1.1,0.23,-0.39,-1.59,0.62,0.04,-0.13,-0.61,-0.83,-0.13,-0.67,-0.81,-0.13,-0.69,-0.81,-0.11,-0.7,-0.8,-0.11,-0.71,-0.78,-0.13,-0.73,-0.79,-0.11,-0.72,-0.78
Sat Aug  5 22:50:27 2023,-0.91,0.35,-0.05,-0.9,0.36,-0.06,-0.9,0.25,0.08,-1.16,-0.11,-0.19,-0.52,0.1,0.06,-1.07,0.33,-0.41,-1,0.14,-0.27,-0.43,0.05,-1.3,-0.2,-0.009999999,-1.06,-0.18,0,-1.08,-0.45,0.38,-1.7,-0.85,0.36,-1.39,0.34,0.54,0.83,0.48,0.44,-1
Sat Aug  5 22:51:57 2023,0.23,0.6,0.13,-0.52,1.37,-0.41,-1.56,0.39,-1.54,-1.32,-0.8,0,-0.47,0.66,-0.24,-0.8,0.03,-0.35,0.77,-0.18,-0.16,0.93,0.18,-0.17,1.04,0.02,-0.3,1.02,-0.06,-0.31,0.99,0.04,-0.28,0.99,-0.009999999,-0.17,1,-0.14,-0.1,1.02,0.2,-0.32
Sat Aug  5 22:52:34 2023,-0.04,0.69,-0.81,-0.23,1.71,0,-0.61,0.29,-0.43,-0.76,0.27,-0.24,-0.99,0.17,-0.41,-0.05,0.15,-0.36,-0.88,-1.83,-1.47,-0.06,-0.39,-1.13,-0.07,-0.42,-0.99,-0.06,-0.41,-1.01,-0.05,-0.4,-1.01,-0.06,-0.39,-1,-0.05,-0.38,-1.02,-0.05,-0.38,-1.02
Sat Aug  5 22:53:17 2023,-0.7,0.32,-0.69,-0.72,0.3,-0.7,-0.36,0.43,-1.11,-1.33,-0.3,-1.27,-1.16,0.04,-0.04,-0.98,0.22,-0.13,-0.7,0.31,-0.28,-1.14,0.02,-0.24,-0.54,0.65,-0.36,-0.36,-0.25,-0.54,-0.29,-0.26,-0.89,-0.36,-0.35,-0.93,-0.4,-0.35,-0.93,-0.38,-0.34,-0.94
Sat Aug  5 22:53:39 2023,-0.82,-0.08,-0.61,-0.82,-0.08,-0.62,-0.48,-0.009999999,-0.91,-1.24,0.81,-0.2,-0.88,0.13,-0.19,-0.95,0.44,-0.11,-0.79,0.27,-0.21,-0.24,-0.42,-0.47,-0.74,-0.32,-0.68,-0.67,-0.33,-0.73,-0.66,-0.34,-0.74,-0.65,-0.36,-0.73,-0.66,-0.23,-0.92,0.61,0.77,0.36
Sat Aug  5 22:54:01 2023,-0.8,0.02,-0.65,-0.99,0.61,-1.27,-0.94,-0.75,-1.15,-1.38,0.08,-0.16,-0.34,0.9599999,0.11,-0.81,0.42,-0.17,-0.93,0.38,-0.15,-0.89,0.24,-0.11,-0.94,0.25,-0.06,1.21,-0.54,0.15,0.95,0.39,-0.21,0.95,0.4,-0.25,0.95,0.4,-0.24,0.95,0.39,-0.23
Sat Aug  5 22:54:24 2023,-0.87,0.4,-0.32,-0.86,0.39,-0.32,-0.36,-0.2,-0.78,-0.36,0.11,-0.06,-0.66,0.26,-0.04,-0.85,0.06,-0.78,2,0.86,-1,1.54,0,0.25,0.31,-0.57,0.69,0.1,-0.44,0.82,0.1,-0.44,0.82,0.1,-0.49,0.79,0.1,-0.49,0.79,0.11,-0.5,0.79
Sat Aug  5 22:54:44 2023,-0.65,0.73,-0.21,-0.69,0.7,-0.21,-1,0.35,-0.17,-0.59,0.29,-0.03,2,2,2,0.91,0.48,-0.009999999,0.93,0.44,0.02,0.93,0.29,0.05,0.98,0.32,0.23,0.9700001,0.27,0.23,0.9700001,0.3,0.18,1.11,-0.18,-0.09,0.32,1.04,-0.02,-1.07,-0.63,-0.34
Sat Aug  5 22:55:05 2023,-0.83,0.47,-0.26,-0.84,0.47,-0.25,-0.88,0.65,-0.15,-0.12,0.47,-0.66,-1.59,0.67,-0.34,-0.9700001,0.32,-0.35,-0.79,0.06,-0.23,-1.25,0.35,0.02,-0.76,0.31,-0.24,0.03,0.69,0.04,0.07,0.9700001,-0.53,0.04,0.89,-0.56,0.04,0.91,-0.53,0.04,0.91,-0.55
Sat Aug  5 22:55:28 2023,-0.53,0.75,-0.47,-0.93,0.02,-0.8,-0.95,0.12,0.04,-0.67,0.17,-0.39,-0.84,0.18,-0.17,-1.13,0.41,-0.18,1.28,1.79,-0.7,0.87,0.05,-0.32,0.66,0.15,-0.99,0.73,0.03,-0.83,0.73,0.02,-0.82,0.73,0.02,-0.81,0.73,0.05,-0.8,0.72,0.03,-0.84
Sat Aug  5 22:56:02 2023,-0.78,0.59,-0.13,-0.84,0.56,-0.28,-0.26,1.08,-0.69,-1.16,-0.14,-1.01,-0.85,-0.55,-1.06,-1.16,0.32,0.13,-0.9,0.44,-0.009999999,-0.6,0.9599999,-0.4,-0.05,0.17,-0.22,-0.36,0.24,-1.25,-0.17,0.07,-1.05,-0.16,0.02,-1.09,-0.17,0.04,-1.09,-0.16,0.03,-1.08
Thu Aug 10 22:38:14 2023,0.07,0.69,-0.82,0.08,0.71,-0.82,-0.9599999,1.04,-0.47,-0.66,0.23,-0.6,-0.72,0.28,-0.07,-1.19,0.43,0.17,-1.3,0.42,-0.14,-0.33,-1.04,0.65,0.03,-0.46,0.8,0.04,-0.38,0.84,0.04,-0.35,0.85,0.03,-0.36,0.86,0.04,-0.36,0.85,0.04,-0.35,0.85
Thu Aug 10 22:39:40 2023,-0.27,0.66,-0.79,-0.28,0.66,-0.78,-0.27,0.68,-0.76,-1.47,0.15,-0.29,-1.6,0.09,-0.04,-0.86,0.45,-0.22,-1.56,0.06,-0.43,-0.16,-0.1,0.52,-0.009999999,-0.61,0.65,-0.03,-0.69,0.64,-0.03,-0.66,0.66,-0.02,-0.65,0.67,-0.03,-0.66,0.68,-0.03,-0.64,0.68
Thu Aug 10 22:40:25 2023,-0.91,0.1,-0.37,-0.9700001,0.23,-0.27,-1.26,0.21,-0.09,-1.05,0.26,-0.08,-0.73,-0.07,-0.17,-0.2,-0.77,0.09,-0.02,-0.89,0.41,-0.03,-0.86,0.45,-0.009999999,-0.85,0.44,-0.009999999,-0.84,0.48,-0.009999999,-0.83,0.48,-0.02,-0.83,0.48,-0.05,-0.87,0.46,-0.72,0.009999999,-0.47
Thu Aug 10 22:40:52 2023,-0.9599999,-0.12,-0.17,-0.9599999,-0.15,-0.17,-0.9599999,-0.14,-0.19,-1.31,0.1,-0.27,-0.98,0.25,0.04,-0.92,0.32,-0.19,-1.39,0.33,-0.09,-0.92,0.21,-0.2,-0.95,0.19,-0.11,-0.86,0.13,-0.34,-1.02,-0.9,-0.52,-0.61,0.25,-0.65,-0.82,0.27,-0.72,-1.21,-0.3,0.07
Thu Aug 10 22:41:41 2023,-0.95,-0.17,-0.14,-0.9599999,-0.16,-0.16,-1.11,0.04,0.009999999,-0.89,0.28,-0.13,-0.86,0.13,-0.62,-0.88,0.27,-0.11,-1.06,0.13,-0.43,-0.62,0.58,-0.29,0.25,-0.54,-1.82,-0.59,-0.64,-0.9,-0.89,0.05,-0.41,-1.39,0.58,-0.31,-0.79,0.32,-0.14,-0.91,0.06,-0.09
Thu Aug 10 22:42:12 2023,-0.9599999,-0.12,-0.23,-0.95,-0.14,-0.23,-0.95,-0.16,-0.29,-0.82,0.03,-0.29,-0.79,0.2,-0.46,-1.5,0.12,-0.1,-0.84,-0.23,0.07,0,-1,0.02,0.009999999,-1,0.04,0.009999999,-1,0.08,0.009999999,-1,0.09,0.02,-1,0.09,0.009999999,-0.99,0.08,0.009999999,-1,0.09
Thu Aug 10 22:42:35 2023,-0.95,-0.13,-0.26,-0.93,-0.11,-0.29,-1.02,0.1,-0.09,-0.87,0.19,-0.11,-0.98,0.18,-0.1,-1.14,0.34,-0.22,-0.8,0.14,-0.26,-0.31,-0.92,-0.24,0.009999999,-0.93,0.18,0.03,-0.98,0.14,0.009999999,-0.98,0.15,0.009999999,-0.9700001,0.17,0.009999999,-0.9599999,0.19,0.009999999,-0.9700001,0.19
Thu Aug 10 22:43:06 2023,-0.95,-0.13,-0.27,-0.95,-0.11,-0.25,-1.4,-0.48,-0.2,-1.04,0.31,-0.14,-0.89,0.18,-0.29,-0.9700001,0.25,-0.19,0.12,1.9,-0.17,0.18,0.83,-0.65,0.16,0.87,-0.57,0.16,0.87,-0.57,0.16,0.88,-0.55,0.15,0.89,-0.55,0.14,0.89,-0.53,0.13,0.9,-0.52
Thu Aug 10 22:43:27 2023,-0.95,-0.23,-0.19,-0.94,-0.25,-0.2,-0.93,-0.25,-0.23,-1.09,-0.04,0.03,-1.19,0.28,-0.06,-0.92,0.2,-0.19,-0.88,0.23,-0.42,-1.02,0.26,-0.23,-0.73,-0.27,-0.56,0.42,2,-1.98,0.19,0.48,-0.94,0.19,0.5,-0.95,0.18,0.49,-0.95,0.18,0.5,-0.95
Thu Aug 10 22:44:08 2023,-0.94,-0.19,-0.26,-0.93,-0.18,-0.27,-1.26,-0.14,-0.34,-0.79,0.23,-0.3,-0.89,0.15,-0.1,-1.27,0.23,-0.52,-0.9700001,0.3,-0.18,-0.21,0.42,-0.08,0.12,0.9599999,-0.4,0.06,0.9599999,-0.39,0.06,0.9599999,-0.37,0.06,0.9599999,-0.36,0.07,0.98,-0.38,0.05,0.98,-0.36
Thu Aug 10 22:45:08 2023,-0.92,-0.19,-0.33,-0.87,-0.25,-0.4,-1.08,0.29,-0.54,-0.79,0.41,-0.36,-0.68,0.47,-0.68,-0.87,0.1,-0.83,-0.61,0.24,-0.51,-1.02,0.16,-0.25,-1.03,0.08,-0.07,-0.83,-0.13,-0.49,-0.89,-0.16,-0.39,-0.89,-0.11,-0.45,-0.89,-0.12,-0.45,-0.89,-0.12,-0.45
Thu Aug 10 22:45:36 2023,-1.04,-0.05,-0.44,-0.9700001,0.15,-0.1,-0.87,0.44,-0.3,-0.71,0.009999999,-0.21,-1.05,0.05,0.04,0.25,0.36,-0.9700001,-0.89,0.08,-0.44,-0.9,0.06,-0.44,-0.77,0.37,-0.5,-0.86,0.42,-0.35,-0.83,0.4,-0.42,-0.82,0.37,-0.42,-0.83,0.37,-0.42,-0.91,0.37,-0.21
Thu Aug 10 22:46:15 2023,-0.28,0.56,-0.86,-0.27,0.57,-0.85,-1.01,0,-0.08,-0.86,0.26,-0.45,-1.16,-0.14,-0.009999999,-0.9,0.17,0,-0.92,0.16,-0.21,-0.85,-0.04,-0.43,-0.55,-0.009999999,-0.25,0.48,-0.88,-1.17,0.07,-0.56,0.73,0.05,-0.55,0.76,0.06,-0.56,0.76,0.06,-0.53,0.77
Thu Aug 10 22:47:17 2023,-0.91,-0.11,-0.42,-0.92,-0.07,-0.44,-0.89,-0.07,-0.45,-1.04,-0.18,-0.35,-1.13,0.03,-0.08,-0.83,0.14,-0.34,-1.2,0.14,-0.07,0.02,-0.67,0.66,0.02,-0.69,0.65,0.02,-0.69,0.64,0.02,-0.67,0.64,0.02,-0.7,0.64,0.02,-0.7,0.63,-0.76,-0.64,-0.55
Thu Aug 10 22:47:42 2023,-0.95,-0.15,-0.22,-0.95,-0.15,-0.23,-0.98,-0.14,-0.24,-0.78,0.009999999,-0.21,-0.99,-0.21,-0.63,-1.08,0.19,-0.53,-1.05,0.14,-0.03,0.07,1.15,0.2,-0.05,1.29,-0.56,0.14,0.82,-0.68,0.12,0.88,-0.68,0.15,0.85,-0.64,0.15,0.86,-0.61,0.12,0.85,-0.61
Thu Aug 10 22:48:07 2023,-0.93,-0.15,-0.36,-0.91,-0.16,-0.36,-0.91,-0.16,-0.36,-0.53,-0.009999999,-0.19,-0.84,0.13,-0.08,-1.37,0.11,-0.04,-0.83,0.07,-0.31,0.06,-1,-0.23,0.06,-1,-0.23,0.05,-1,-0.22,0.06,-1,-0.22,0.06,-1,-0.22,-0.92,-0.79,-0.69,-0.77,0,-0.38
Thu Aug 10 22:48:36 2023,-0.75,0.08,-0.28,-0.94,0.29,-0.25,-0.93,0.19,-0.03,-0.98,0.11,-0.15,-1.38,-0.2,-0.61,-0.05,-0.81,0.29,-0.21,-1.1,0.009999999,0,-1.01,0,-0.02,-0.86,0.58,0.04,-0.81,0.52,0.03,-0.8,0.53,0.04,-0.78,0.55,-0.26,-0.9599999,0.76,-0.9,0.37,-0.12
Thu Aug 10 22:49:00 2023,-0.9,-0.22,-0.33,-0.92,-0.19,-0.37,-0.81,0,-0.32,-0.94,-0.02,-0.009999999,-0.78,0.04,-0.16,-0.95,0.06,-0.14,-0.76,-0.13,-0.18,-0.63,-0.21,-0.23,-0.17,-0.89,-0.12,0.15,-0.35,0.42,0.04,-0.33,0.87,0.04,-0.35,0.86,0.05,-0.39,0.84,0.05,-0.38,0.85
Thu Aug 10 22:49:24 2023,-0.88,-0.14,-0.47,-0.91,-0.13,-0.46,-0.89,-0.1,-0.45,-0.91,-0.12,-0.49,-0.9,0.13,-0.19,-0.86,0.16,-0.1,-0.87,0.05,-0.45,-0.81,0.27,-0.61,0.009999999,1,-0.11,0.02,0.99,-0.3,0.03,0.98,-0.33,0.02,0.99,-0.32,0.02,0.9700001,-0.33,0.02,0.98,-0.33
Thu Aug 10 22:53:09 2023,-0.06,0.8,-0.65,-0.02,0.83,-0.67,-0.61,0.25,-0.25,-0.87,0.02,-0.11,-0.94,0.14,-0.14,-0.66,-0.49,-1.03,-0.1,-0.75,-0.1,0.06,-0.93,-0.47,0.05,-0.94,-0.47,0.06,-0.93,-0.45,0.05,-0.94,-0.45,0.06,-0.95,-0.44,0.06,-0.92,-0.41,-0.7,0.04,-0.59
Thu Aug 10 22:53:36 2023,-0.15,0.99,-0.08,-0.15,0.99,-0.07,-0.14,0.99,-0.08,-0.2,1.01,-0.08,-1.17,0.3,-0.18,-1.22,0.3,-0.04,-0.95,-0.14,0.17,-1.32,0.68,-0.61,0.009999999,0.9700001,0.21,0.009999999,0.9700001,0.2,0.009999999,0.9700001,0.17,0,0.9700001,0.17,-0.009999999,0.9700001,0.17,0,0.9599999,0.18
Thu Aug 10 22:54:01 2023,-0.9599999,0.09,-0.08,-0.84,0.15,-0.1,-0.82,0.22,-0.12,-0.2,-0.69,-1.41,-0.009999999,-0.29,-1,-0.009999999,-0.29,-1.05,-0.02,-0.32,-1.07,-0.009999999,-0.29,-1.06,-0.02,-0.27,-1.06,-0.009999999,-0.3,-1.06,-0.02,-0.3,-1.05,-0.02,-0.3,-1.06,-0.03,-0.29,-1.05,-0.03,-0.31,-1.05
Thu Aug 10 23:05:16 2023,-0.68,0.2,-0.77,-0.68,0.21,-0.78,-1.39,0.1,-0.36,-0.93,0.21,0.11,-0.8,0.2,-0.2,-0.87,0.19,-0.06,-1.77,-0.48,0.1,-0.13,-0.79,0.68,0.02,-0.42,0.83,0.02,-0.41,0.84,0.009999999,-0.41,0.82,0.02,-0.41,0.83,0,-0.41,0.83,0.009999999,-0.43,0.83
Thu Aug 10 23:05:40 2023,-0.29,0.7,-0.74,-0.28,0.7,-0.73,-0.43,0.65,-0.7,-0.75,0.27,-0.57,-0.72,0.27,-0.1,-1.18,0.12,-0.02,-0.89,0.24,-0.25,-0.78,0.15,-0.05,-0.7,0.26,-0.43,0.27,0.69,-0.5,0.14,0.46,-0.93,0.17,0.47,-0.9700001,0.18,0.49,-0.9599999,0.17,0.51,-0.95
Thu Aug 10 23:06:07 2023,-0.9599999,0.06,-0.21,-0.95,0.02,-0.22,-1.01,0.04,-0.22,-0.77,0.12,-0.14,-1.03,0.37,0.03,-0.87,0.16,0.04,-1.15,-0.009999999,-0.18,-0.9599999,0.22,-0.05,-0.25,-1.98,-1.98,-0.009999999,-0.73,0.66,0.04,-0.67,0.66,0.009999999,-0.65,0.68,0.02,-0.65,0.67,0.02,-0.66,0.68
Thu Aug 10 23:06:41 2023,-0.92,0.29,-0.21,-0.92,0.3,-0.21,-0.69,-0.13,0.3,-1.22,0.08,-0.11,-0.9599999,0.27,-0.24,-1.42,0.17,-0.16,-0.69,0.24,0.2,-0.67,0.76,0.04,-0.95,-0.5,-1.81,-0.54,0.12,-1.11,-0.64,0.02,-0.83,-0.65,0.02,-0.8,-0.63,0.07,-0.85,-0.06,-0.03,-1.31
Thu Aug 10 23:08:18 2023,-0.93,-0.03,-0.37,-0.92,-0.02,-0.37,-1.11,0.12,-0.27,-1.04,0.24,-0.13,-0.94,0.18,0.07,-0.76,0.52,-0.19,-0.72,-0.1,-0.19,-0.19,-0.66,0.61,-0.009999999,-0.66,0.66,-0.009999999,-0.62,0.71,-0.02,-0.61,0.71,-0.009999999,-0.61,0.72,-0.009999999,-0.61,0.71,-0.009999999,-0.6,0.72
Thu Aug 10 23:08:41 2023,-0.93,-0.31,-0.15,-0.93,-0.3,-0.17,-0.93,-0.29,-0.26,-1.19,0.05,-0.15,-0.85,0.06,0.05,-0.82,0.14,-0.11,-1.25,0.22,-0.009999999,-0.95,0.15,-0.1,-0.92,0.12,-0.07,1.76,1.09,0.08,0.19,0.61,-0.85,0.1,0.74,-0.76,0.1,0.71,-0.79,0.07,0.75,-0.74
Thu Aug 10 23:09:03 2023,-0.92,-0.33,-0.14,-0.91,-0.37,-0.15,-0.91,-0.36,-0.15,-0.9,-0.37,-0.17,-1.11,-0.8,0.06,-1.03,0.05,0.05,-0.83,0.1,0.04,-1.52,0.44,-0.02,-0.65,0.16,-0.25,-0.95,0.45,-0.44,-1.12,0.39,-0.57,-0.69,0,0.03,-0.05,-0.36,-0.38,0.09,-0.68,0.73
Thu Aug 10 23:09:29 2023,-0.92,-0.26,-0.21,-0.93,-0.25,-0.22,-0.92,-0.22,-0.2,-1.31,-0.52,-0.02,-0.77,0.1,-0.03,-1.53,0.09,-0.03,-0.98,0.17,-0.1,-0.9,0.16,-0.1,-1.13,-0.52,-0.09,-0.78,0.07,-0.43,-0.71,0.009999999,-0.38,-0.51,0.1,-0.07,0.02,-0.79,-0.85,0.1,-0.64,0.66
Thu Aug 10 23:09:55 2023,-0.94,-0.13,-0.27,-0.95,-0.08,-0.28,-0.94,-0.1,-0.31,-0.56,0.27,-0.22,-0.81,0.5,0.07,-0.6,0.09,-0.2,-1.22,0.35,0.38,-1.44,-0.03,-1.39,-1.98,-1.49,1.15,-0.09,-0.99,0.04,0.05,-0.91,0.36,0.05,-0.9,0.37,0.06,-0.89,0.38,0.06,-0.91,0.34
Thu Aug 10 23:10:18 2023,-0.95,-0.14,-0.24,-0.95,-0.17,-0.25,-0.82,0.04,-0.39,-1.09,0.06,-0.08,-0.76,0.11,-0.09,0.1,-0.73,0.75,0.1,-0.52,0.77,-0.98,-0.02,0.009999999,-0.92,0,-0.43,-0.73,0.63,-0.16,-0.51,0.34,-0.37,-1.21,0.04,0.04,-1.03,0.15,0.02,-0.93,0.009999999,-0.009999999
Thu Aug 10 23:10:40 2023,-0.95,-0.16,-0.31,-0.94,-0.09,-0.29,-0.9599999,-0.06,-0.32,-0.83,0.18,-0.11,-0.77,0.24,-0.63,-0.9599999,0.12,-0.11,-0.45,-0.29,-0.46,-0.65,0.26,-0.08,0.11,0.29,-0.04,0.1,0.75,-0.82,0.19,1.06,-0.34,-0.25,0.47,-0.4,-1.12,0.53,-0.56,-1.37,0.14,-0.61
Thu Aug 10 23:11:00 2023,-0.94,-0.03,-0.35,-0.93,-0.04,-0.36,-1.23,-0.27,-0.44,-0.89,0.07,0.009999999,-1.08,0.3,-0.05,-0.89,0.13,-0.1,-0.44,0.08,-0.14,0.5,0.05,-0.16,0.09,0.62,-0.9,0.04,0.77,-0.71,0.07,0.76,-0.76,0.06,0.78,-0.73,0.05,0.77,-0.73,0.05,0.78,-0.74
Thu Aug 10 23:11:26 2023,-0.93,-0.14,-0.29,-0.95,-0.13,-0.27,-0.94,-0.14,-0.29,-0.9599999,-0.1,-0.29,-0.87,-0.02,-0.07,-0.77,0.16,-0.28,-0.92,0.1,-0.03,-1.44,0.61,0.03,-0.72,0.13,0,0,2,-0.28,0.04,0.79,-0.8,0.04,0.83,-0.66,0.04,0.85,-0.65,0.05,0.84,-0.65
Thu Aug 10 23:11:48 2023,-0.93,-0.19,-0.28,-0.94,-0.17,-0.29,-1.12,0.16,-0.16,-1.42,0.31,-0.13,-1.11,0.21,-0.03,-1.08,-0.03,0,-0.98,0.04,-0.009999999,-0.12,0.27,-0.38,-0.61,-0.28,-0.13,0.09,-0.95,0.19,0.09,-0.9700001,0.2,0.1,-0.9700001,0.21,0.1,-0.95,0.21,-0.12,-1.13,0.14
Thu Aug 10 23:12:14 2023,-0.9700001,-0.06,-0.15,-0.95,-0.07,-0.17,-0.9599999,-0.11,-0.28,-0.68,0.1,-0.25,-0.87,-0.16,-0.45,-1.18,0.009999999,-0.05,-1.66,-0.16,0.02,-0.69,0.03,0.15,-0.84,0.11,-0.1,-1.14,-0.5,0.91,0.05,-0.9,0.37,-1.19,0.08,0.06,-0.65,-0.14,-0.49,-0.89,0.36,-0.23
Thu Aug 10 23:12:39 2023,-0.93,-0.25,-0.21,-0.92,-0.25,-0.25,-1.03,-0.59,-0.35,-0.57,0.16,-0.52,-0.91,0.27,-0.28,-0.66,0.08,-0.18,-1.56,-0.06,-0.17,-1.18,0.1,0.2,-1.98,-0.92,-1.29,0.08,-1.12,-0.12,0.15,-0.9599999,0.22,0.14,-0.94,0.28,0.14,-0.92,0.29,0.14,-0.94,0.27
Thu Aug 10 23:17:32 2023,0.05,0.24,-1.07,-1.91,1.33,0.18,-0.77,-0.22,-1.42,-1.09,0.09,0.16,-0.85,0.42,0.29,-0.44,-0.03,-0.12,-0.87,0.28,-0.18,-0.95,-0.07,-0.09,0.15,-0.37,-0.18,0.12,-0.61,0.7,0.12,-0.64,0.68,0.12,-0.65,0.68,0.11,-0.64,0.68,0.12,-0.64,0.68
Thu Aug 10 23:17:57 2023,-0.94,-0.05,-0.42,-1.33,-0.47,-0.04,-1.07,0.24,-0.25,-0.87,-0.04,0.009999999,-1.46,0.16,0.08,-0.93,0.02,-0.12,-1.36,-0.11,0.14,-1.08,-0.07,0.02,-0.22,0.48,-0.08,-0.3,-1.98,-1.98,0.13,-0.73,0.58,0.12,-0.76,0.56,0.1,-0.77,0.55,0.1,-0.77,0.55
Thu Aug 10 23:18:30 2023,-0.95,-0.07,-0.31,-0.94,-0.07,-0.29,-0.92,-0.05,-0.33,-0.83,0.24,-0.09,-0.94,0.1,0.08,-1.05,0.32,-0.21,-0.51,-0.22,-0.02,-0.9599999,-0.009999999,0.03,-1.1,-0.03,-0.09,-0.53,-0.18,0.02,0.009999999,1,-0.24,-0.009999999,1,-0.22,-0.009999999,1,-0.22,0,1,-0.22
Thu Aug 10 23:18:51 2023,-0.93,-0.09,-0.35,-0.93,-0.07,-0.35,-0.93,-0.07,-0.37,-0.82,0.12,-0.18,-0.94,0.57,-0.07,-1.35,0.23,0.12,-0.79,-0.1,-0.52,-0.72,0.45,-0.19,0.02,-1.81,-1.21,0.1,-0.58,0.74,0.1,-0.61,0.7,0.1,-0.61,0.7,0.09,-0.61,0.7,0.09,-0.63,0.71
Thu Aug 10 23:20:07 2023,-0.92,-0.1,-0.36,-0.93,-0.11,-0.35,-0.94,-0.12,-0.37,-0.9700001,-0.27,-0.23,-0.93,0.05,-0.02,-0.91,0.17,-0.34,-0.89,0.03,-0.1,-1.32,0.09,-0.16,-0.87,0.32,-0.009999999,-0.87,-0.14,-0.6,0.25,0.24,0.76,-0.03,1.12,-0.46,0.07,0.84,-0.62,0.04,0.83,-0.6
Thu Aug 10 23:20:32 2023,-0.91,-0.05,-0.42,-0.91,0.009999999,-0.4,-0.94,0.05,-0.4,-1.29,-0.73,-0.02,-1.58,0.06,-0.12,-0.9599999,0.08,-0.26,-0.99,-0.02,-0.05,-1,-0.009999999,-0.31,-0.73,-0.07,0.14,-0.79,0.04,-0.04,-1.24,1.01,0.32,-0.18,1.2,-0.94,-0.009999999,0.92,-0.47,0.02,0.89,-0.54
Thu Aug 10 23:20:55 2023,-0.94,-0.06,-0.37,-0.92,-0.07,-0.38,-1.29,-0.68,-0.82,-1.09,-0.32,-0.13,-0.83,-0.29,-0.73,-0.98,0.11,-0.05,-1.27,0.45,0.03,-1.07,-0.31,-0.21,-0.73,-0.15,-0.16,-0.38,-0.17,-1.5,0.1,-0.63,0.72,0.09,-0.73,0.61,0.1,-0.73,0.61,0.09,-0.74,0.6
Thu Aug 10 23:21:18 2023,-0.94,-0.02,-0.37,-0.92,-0.009999999,-0.36,-0.85,0.08,-0.11,-0.8,0.2,-0.6,-1.4,0.3,0.22,-0.98,0.09,-0.15,0.08,-1.16,-1.07,0.11,-0.79,0.53,0.1,-0.82,0.51,0.11,-0.82,0.5,0.1,-0.82,0.5,0.11,-0.82,0.5,0.1,-0.82,0.51,0.09,-0.87,0.5
Thu Aug 10 23:21:43 2023,-0.92,-0.1,-0.35,-0.94,-0.05,-0.34,-1.3,-0.36,-0.22,-1.19,0.03,-0.15,-0.99,0.49,-0.35,-1.08,0.45,-0.02,-0.37,0.66,-0.22,0.14,-0.64,-0.09,0.15,-0.82,0.49,0.12,-0.82,0.47,0.11,-0.83,0.49,0.11,-0.83,0.49,0.12,-0.83,0.48,0.1,-0.82,0.49
Thu Aug 10 23:24:02 2023,0.05,0.9599999,-0.59,-1.04,0.29,-0.58,-0.77,0.07,0.04,-1.25,0.04,-0.1,-1.12,0.15,0.2,-0.98,0.12,-0.08,-0.3,0.38,-0.81,0.12,-0.88,-0.66,0.13,-0.85,-0.61,0.14,-0.86,-0.6,0.14,-0.85,-0.62,0.14,-0.85,-0.62,0.14,-0.86,-0.6,0.13,-0.88,-0.56
Fri Aug 11 23:53:30 2023,-0.04,0.92,-0.48,-0.11,0.94,-0.68,-0.02,0.9599999,-0.69,-0.99,0.08,-0.12,-0.98,0.26,-0.27,-0.65,0.1,-0.28,-0.99,0.21,-0.06,-0.68,0.44,-0.38,-0.44,-1.06,-0.3,-0.04,-0.71,0.6,-0.04,-0.67,0.65,-0.06,-0.69,0.64,-0.04,-0.69,0.64,-0.04,-0.73,0.66
Fri Aug 11 23:53:59 2023,-0.22,0.87,0.29,-0.23,0.88,0.34,-0.22,0.89,0.06,-0.61,0.08,-0.36,-1.39,-0.05,-0.04,-0.92,0.12,-0.08,-0.88,0.57,0.05,-0.86,0.19,-0.17,-0.15,-0.27,0.39,-0.08,-0.78,0.55,-0.07,-0.79,0.53,-0.05,-0.8,0.53,-0.35,-0.07,-0.3,-0.93,0.32,-0.24
Fri Aug 11 23:54:29 2023,-0.92,0.02,-0.37,-0.92,0.04,-0.4,-1.4,0.18,-0.69,-0.89,0.15,-0.12,-1.18,0.2,-0.18,-1.19,0.3,-0.11,-1.44,0.15,-0.22,-1.15,-0.03,-0.009999999,-0.89,0.27,-0.41,-0.1,-0.64,-0.24,-0.45,-0.81,0.18,-0.53,-0.82,0.18,-1,-1.03,-0.88,-0.87,0.33,-0.13
Fri Aug 11 23:54:52 2023,-0.93,0.26,-0.3,-0.92,0.26,-0.23,-0.9,0.36,-0.42,-0.94,0.27,-0.33,-1.19,0.35,-0.23,-1.14,-0.17,-0.65,-1.37,0.16,-0.16,-0.94,0.25,-0.36,-0.07,-1.31,-1.98,-0.12,-0.91,0.25,-0.12,-0.93,0.28,-0.11,-0.89,0.39,-0.78,-0.19,-0.6,-1.05,0.22,-0.2
Fri Aug 11 23:55:49 2023,-0.06,0.48,-0.9700001,-0.07,0.48,-0.9599999,-0.22,0.29,-0.39,-1.16,0.09,-0.2,-1.36,0.27,0.009999999,-1.02,0.2,-0.13,-0.57,0.72,-0.31,-0.15,-0.65,0.04,-0.09,-0.62,0.73,-0.09,-0.59,0.73,-0.1,-0.58,0.74,-0.08,-0.55,0.74,-1.28,-0.09,-0.56,-1.68,0.39,0.9599999
Fri Aug 11 23:56:09 2023,-0.85,0.27,-0.47,-0.84,0.29,-0.49,-0.52,0.23,-0.78,-0.84,0.03,0.19,-1.47,0.15,-0.25,-1.02,0.29,-0.29,-0.56,0.08,-0.6,-1.21,-1.98,-1.55,0.38,-1.25,-0.17,-0.07,-0.77,0.56,-0.06,-0.73,0.59,-0.07,-0.74,0.6,-0.08,-0.76,0.57,-0.21,0.74,-1.47
Fri Aug 11 23:56:35 2023,-0.89,0.1,-0.47,-0.87,0.11,-0.5,-0.88,0.16,-0.52,-0.59,0.009999999,-0.31,-1.06,0.15,-0.36,-1.13,0.16,-0.19,-0.73,0.35,-0.26,-0.56,0.17,-0.24,0.79,0.52,1.11,-0.04,-0.42,0.8,-0.03,-0.45,0.81,-0.03,-0.46,0.81,-0.03,-0.46,0.8,-0.04,-0.47,0.8
Fri Aug 11 23:56:56 2023,-0.93,0.28,-0.12,-0.92,0.29,-0.12,-0.9,0.17,-0.1,-1,0.08,-0.73,-0.51,0.25,-0.47,-1.05,0.03,-0.45,-0.6,-1.01,-1.71,-0.06,-0.73,0.65,-0.03,-0.69,0.62,-0.04,-0.76,0.57,-0.64,0,-0.77,-0.72,0.15,-0.31,-1.45,-1.27,0.43,-1.18,-0.44,-0.26
Fri Aug 11 23:57:17 2023,-0.93,0.24,-0.14,-0.93,0.29,-0.14,-0.95,0.25,-0.14,-0.79,0.23,-0.53,-0.71,0.31,-0.2,-1.59,0.28,-0.25,-0.74,0.14,-0.18,0.21,-0.48,-1.43,-0.009999999,-0.71,0.61,-0.03,-0.75,0.58,-0.02,-0.75,0.58,-0.03,-0.74,0.59,-0.05,-0.68,0.71,-0.57,0.11,-0.94
Fri Aug 11 23:57:39 2023,-0.87,0.28,-0.39,-0.88,0.29,-0.38,-0.88,0.31,-0.39,-1.98,-1.2,-1,-1.21,-0.03,0.11,-1.25,0.45,-0.4,-0.94,0.39,-0.41,-0.82,0.13,-0.24,-1.59,1.92,2,-0.06,-0.81,0.38,-0.02,-0.82,0.49,-0.03,-0.83,0.49,-0.03,-0.81,0.52,-0.03,-0.81,0.51
Fri Aug 11 23:58:00 2023,-0.91,0.24,-0.37,-0.89,0.22,-0.38,-0.9599999,0.27,-0.4,-1.05,0.43,-0.14,-0.83,0.28,-0.5,-0.67,0.25,-0.36,-0.91,0.3,-0.22,-0.82,0.19,-0.47,-0.28,-0.76,-0.47,0.03,-0.91,-0.13,-0.04,-1.04,0.09,0.04,-1.01,-0.13,-0.5,0.4,-0.83,-0.36,1.01,-0.85
Fri Aug 11 23:58:46 2023,-0.81,0.32,-0.32,-0.79,0.04,-0.52,-1.28,0.18,-0.15,0.32,-1.34,-1.18,0.009999999,-0.69,0.65,0.02,-0.74,0.6,0.02,-0.72,0.63,-0.009999999,-0.75,0.61,-0.8,-1.68,-1.98,-1.01,0.14,-0.14,-1.38,-0.38,-0.36,-0.48,0.77,-0.3,-0.93,0.37,-0.22,-1.4,0.07,-0.3
Fri Aug 11 23:59:05 2023,-0.89,0.32,-0.36,-0.87,0.33,-0.34,-0.86,0.36,-0.33,-1.31,0.57,-0.07,-1.31,0.15,-0.28,-1.17,0.46,-0.21,-0.74,0.18,-0.22,-0.94,0.18,-0.12,-1.36,0.11,-0.14,-0.63,-0.05,-0.17,-0.07,-0.49,0.85,0.02,-0.64,0.68,0.009999999,-0.64,0.68,0.02,-0.64,0.69
Fri Aug 11 23:59:28 2023,-0.87,0.36,-0.37,-0.86,0.35,-0.36,-0.88,0.41,-0.37,-1.79,0.21,0.14,-0.99,0.2,-0.08,-1.65,0.009999999,-1,-0.98,0.1,-0.17,-0.03,-0.47,-0.58,0.09,-0.99,-0.09,0.09,-1.01,-0.07,0.09,-1,-0.07,0.09,-1,-0.05,0.13,-1.04,-0.24,-0.69,0.26,-0.9599999
Fri Aug 11 23:59:49 2023,-0.9,0.27,-0.32,-0.9,0.29,-0.31,-0.89,0.3,-0.32,-0.85,0.14,-0.07,-1.29,-0.05,-0.25,-1.21,0.23,-0.09,-1.37,-0.009999999,-0.25,-0.9599999,0.25,-0.09,0.07,-0.44,0.15,0.07,-0.98,0.18,0.07,-0.9700001,0.19,0.08,-0.9700001,0.2,0.08,-0.9700001,0.21,0.06,-0.92,0.29
Sat Aug 12 00:00:20 2023,-0.9,0.27,-0.33,-0.9,0.28,-0.32,-0.87,0.3,-0.31,-0.61,0.29,0.07,-0.21,0.44,0.76,-0.27,0.59,0.88,-0.14,0.22,0.76,-1.03,0.29,0.17,-1.68,0.46,-0.9599999,0.17,0.25,-0.69,0.24,0.26,-1.04,0.24,0.22,-1.05,0.24,0.24,-1.05,0.24,0.25,-1.05
Sat Aug 12 00:00:39 2023,-0.87,0.34,-0.38,-0.86,0.35,-0.36,-0.81,0.35,-0.43,-1.06,0.25,-0.18,-1.48,0.26,-0.41,-1.1,0.39,-0.12,-1.13,0.19,-0.13,-1.02,0.34,-0.17,-0.52,0.15,-0.24,0.23,0.41,-0.11,0.25,0.5,-0.93,0.27,0.6,-0.87,0.26,0.59,-0.87,0.26,0.57,-0.89
Sat Aug 12 00:01:00 2023,-0.85,0.35,-0.4,-0.84,0.36,-0.44,-1.31,0.33,-0.17,-1.2,0.34,-0.2,-0.86,0.44,-0.09,-1.05,0.57,-0.28,0.56,0.94,-0.2,0.23,0.43,-0.85,0.27,0.61,-0.82,0.28,0.67,-0.81,0.29,0.66,-0.79,0.29,0.66,-0.8,-0.67,0.48,-0.84,-1.05,0.02,-0.37
Sat Aug 12 00:02:03 2023,-0.27,0.84,-0.55,-0.28,0.84,-0.55,-0.46,1.09,-0.42,-0.73,0.16,-0.08,-1.1,0.12,-0.31,-0.84,0.24,-0.29,-0.9700001,0.28,-0.23,-1.88,-1,-1.61,0.36,0.82,-0.32,0.12,1,-0.05,0.1,1,-0.009999999,0.09,1.01,0.009999999,0.09,1,-0.009999999,0.1,1,-0.009999999
Sat Aug 12 00:02:28 2023,-0.92,0.03,-0.34,-0.92,0.04,-0.36,-1.05,0.12,-0.6,-0.84,0.08,-0.57,-0.81,0.19,-0.18,-1.42,0.18,-0.14,-0.68,0.03,-0.55,1.36,-1.03,-1.17,-0.26,2,-1.9,0.27,0.92,-0.42,0.28,0.83,-0.63,0.3,0.9,-0.52,-0.07,1.39,-1.12,-0.64,-0.13,-0.1
Sat Aug 12 00:02:48 2023,-0.93,0.18,-0.23,-0.93,0.18,-0.25,-0.88,0.5,-0.3,-0.91,0.29,-0.02,-1.58,0.45,0.1,-0.73,0.23,-0.16,-0.85,0.32,-0.13,-0.73,0.06,-0.59,-0.51,0.21,-0.17,0.91,0.46,-0.09,0.19,1,-0.25,0.17,0.99,-0.1,0.13,1.02,0.009999999,0.13,1,-0.07
Sat Aug 12 00:03:27 2023,-0.93,0.15,-0.3,-0.93,0.15,-0.32,-0.95,0.35,-0.41,-0.87,0.09,0.009999999,-1.3,0.08,-0.09,-1.02,0.28,-0.15,-0.9,-0.2,0.11,0.29,0.8,-0.63,0.28,0.88,-0.53,0.26,0.86,-0.57,0.31,0.25,-0.37,-0.82,0.38,0.11,-0.93,-0.1,-0.27,-0.92,-0.14,-0.32
Sat Aug 12 00:03:49 2023,-0.89,0.31,-0.31,-0.88,0.3,-0.34,-0.69,0.15,-0.19,-1.15,0,-0.05,-0.77,0.16,-0.34,0.66,-0.53,-0.47,0.19,0.76,-0.53,0.19,0.79,-0.66,0.15,0.89,-0.56,0.12,1,-0.36,0.08,0.95,0.16,0.09,0.82,-1.01,0.21,0.65,-0.84,0.17,0.81,-0.16
Sat Aug 12 00:04:17 2023,-0.88,0.41,-0.14,-0.85,0.39,-0.07,-0.99,0.27,-0.14,-1.03,0.13,-0.08,-0.75,0.15,-0.4,-0.91,0.04,-0.14,-0.83,0.23,-0.22,-1.05,0.27,-0.11,-0.98,0.07,-0.2,-1.4,1.38,-1.22,0.47,0.89,0.37,0.88,0.4,0.23,0.91,0.44,0.12,1.08,0.42,0.19
Sat Aug 12 00:04:40 2023,-0.91,0.3,-0.23,-0.91,0.34,-0.2,-0.93,0.23,-0.14,-0.69,-0.12,0.09,-1.05,0.08,-0.11,-0.89,0.2,-0.13,-0.89,0.19,0.1,-1.03,0.44,-0.62,-0.74,0.1,-0.41,2,0.31,-0.23,0.86,0.63,-0.14,0.82,0.62,-0.3,0.82,0.62,-0.25,0.8,0.61,-0.28
Sat Aug 12 00:05:06 2023,-0.95,-0.06,-0.02,-0.9599999,-0.07,-0.05,-0.9700001,-0.11,-0.06,-1.05,0.1,-0.2,-0.76,0.26,-0.07,-0.78,0.09,-0.08,-0.82,-0.17,-0.24,-0.99,0.1,-0.31,-0.85,0.54,-0.39,-0.78,0.45,-0.51,-0.8,0.34,-0.51,-0.7,0.43,-0.58,-0.76,0.46,-0.57,-1.04,-1.19,-0.23
Sat Aug 12 00:05:39 2023,-0.41,0.75,-0.56,-0.45,0.78,-0.54,-0.39,0.6,-0.66,-0.71,0.42,-0.22,-0.9,0.08,-0.65,-0.87,0.39,-0.28,-1.04,0.08,-0.18,-1.11,0.3,-0.16,2,0,-0.75,1.08,0.36,-0.16,0.95,0.27,0.19,0.9599999,0.32,0.12,0.95,0.28,0.19,0.9599999,0.26,0.24
Sat Aug 12 00:06:13 2023,-0.72,0.59,-0.33,-0.73,0.6,-0.34,-0.72,0.46,-0.33,-0.6,0.02,-0.35,-0.58,0.22,-0.16,-1.37,-0.06,-0.11,-0.9700001,0.35,-0.29,-0.17,0.9,-1.59,1.19,0.39,0.07,0.9599999,0.38,0.1,0.9700001,0.29,0.15,0.9700001,0.29,0.17,0.9599999,0.29,0.14,0.9700001,0.3,0.16
Sat Aug 12 00:06:40 2023,0.62,0.81,0.02,0.61,0.8,0,0.42,0.86,0.1,-0.77,0.9599999,0.67,-1.01,0.07,0.04,-1.71,0.1,-0.14,-1.09,-0.009999999,-0.21,-0.9599999,0.19,-0.26,-1.09,0.28,-0.43,-1.11,1.78,-0.28,0.73,0.29,-0.31,0.98,0.26,0.009999999,1.01,0.15,-0.009999999,1.02,0.2,-0.04
Sat Aug 12 00:07:15 2023,0.9,0.48,-0.3,0.89,0.48,-0.29,0.68,0.71,-0.03,-0.92,0.31,-0.24,-0.91,0.49,-0.31,-1.11,0.23,-0.52,2,0.29,-0.25,1.19,-0.22,-0.15,1.01,-0.12,0,1,-0.27,0.12,1,-0.26,0.06,1,-0.16,0.05,1.01,-0.27,0.08,0.99,-0.07,-0.21
Sat Aug 12 00:07:38 2023,0.05,0.7,0.64,0.04,0.69,0.64,-0.32,0.45,0.56,-0.78,0.19,0.04,-0.92,0.24,-0.18,-1,0.21,-0.13,-1.11,-0.1,-0.2,-1.14,0.21,-0.67,0.05,-0.69,0.65,0.05,-0.69,0.65,0.02,-0.79,0.56,-0.39,-0.9599999,-1.65,-0.86,-0.05,-0.93,-1,0.04,-0.45
Sat Aug 12 00:08:04 2023,-0.09,1,0.03,-0.09,0.99,0.009999999,-0.64,0.94,0.13,-1.01,0.69,0.07,-0.92,0.87,0.1,-1.1,0.67,0.18,-0.94,0.18,-0.27,-0.94,0.17,-0.26,-0.93,0.18,-0.25,-0.94,0.17,-0.23,-1.13,0.25,-0.31,-0.88,0.2,-0.3,-0.91,0.14,-0.14,-0.85,0.05,-0.1
Sat Aug 12 00:08:32 2023,0.22,-0.77,0.53,0.06,-0.74,0.63,0.07,-0.67,0.66,0.07,-0.66,0.67,0.06,-0.66,0.66,0.08,-0.61,0.37,-1.04,0.03,-0.43,-0.9599999,-0.1,-0.37,-0.66,0.73,-0.65,-0.61,0.7,-0.21,-0.75,0.63,-0.53,-0.62,0.64,-0.4,-0.66,0.66,-0.36,-0.66,0.66,-0.39
Sat Aug 12 00:09:10 2023,0.67,0.79,-0.09,0.66,0.79,-0.09,-0.4,0.89,0.2,-1.19,0.03,-0.56,-1.06,0.17,-0.08,-0.89,0.05,-0.18,-0.99,0.05,-0.1,-0.95,0.73,0.05,-1.35,-0.25,-0.18,-0.8,-0.22,-0.42,-0.68,0.63,-0.47,-0.5,0.23,0.02,-0.95,0.009999999,0.15,-0.92,0.08,-0.06
Sat Aug 12 00:09:33 2023,-0.93,0.22,-0.29,-0.91,0.23,-0.28,-0.91,0.33,-0.22,-0.71,0.39,-0.26,-0.9,0.38,0.63,-0.31,0.49,0.06,-0.14,0.84,0.25,0.79,0.54,-0.3,0.81,0.65,-0.3,0.72,0.56,0.05,0.78,0.64,0.04,0.78,0.68,0.05,0.74,0.68,0.13,-0.14,1.02,0.29
Sat Aug 12 00:10:00 2023,-1.58,0.18,-0.16,-0.77,0.13,-0.07,-0.5,0.18,-0.32,0.56,-1.41,2,0.05,-0.7,0.63,0.03,-0.7,0.64,0.02,-0.7,0.63,0.02,-0.7,0.64,0.03,-0.71,0.63,-1.36,0.18,-0.48,-0.87,0.33,0.15,0.02,2,-1.98,-0.55,0.32,-0.09,-1.06,0.11,0.04
Sat Aug 12 00:10:36 2023,-0.18,0.9700001,-0.24,-0.18,0.98,-0.22,-0.33,0.93,-0.19,-0.71,0.61,-0.35,-0.76,0.57,-0.37,-0.65,0.61,-0.37,-1.52,0,-0.28,-1.01,0.38,-0.04,-0.85,0.16,-0.15,-0.75,0.43,-0.03,-0.25,1.13,0.32,-0.34,0.77,0.19,-0.41,0.87,0.07,-0.38,0.88,0.13
Sat Aug 12 00:11:04 2023,-0.41,0.89,0.13,-0.4,0.89,0.14,-0.28,0.84,0.43,-0.7,0.36,0.21,-0.84,-0.11,-0.33,-0.85,0.08,-0.06,-0.85,0.09,-0.22,-0.23,0.34,-0.52,0.009999999,-0.83,0.49,-0.02,-0.85,0.44,-0.02,-0.83,0.48,-0.02,-0.81,0.48,-0.02,-0.84,0.47,-0.85,-0.09,-1.09
Sat Aug 12 00:11:35 2023,-0.78,0.57,-0.23,-0.77,0.59,-0.22,-0.76,0.61,-0.21,-1.32,0.25,0.02,-0.9,0.16,0.02,-0.8,0.08,-0.33,-0.76,0.03,-0.09,-0.99,0.07,-0.4,-0.84,-1.23,-0.05,0.19,-1.87,-0.2,-0.03,-0.91,0.09,0.02,-0.87,0.36,0.03,-0.91,0.34,-0.66,-0.74,-0.56
Sat Aug 12 00:11:59 2023,-0.33,0.9,0.24,-0.3,0.92,0.22,-1.03,-0.47,-0.03,-0.81,0.17,-0.13,-0.89,0.14,-0.06,0.05,-0.62,0.63,0.03,-0.64,0.69,0.03,-0.74,0.59,0.03,-0.7,0.63,0.02,-0.68,0.65,0.02,-0.7,0.65,-1.26,0.009999999,-0.43,-1.04,0.08,-0.33,-1.57,1.55,-1.07
Sat Aug 12 00:12:25 2023,-0.75,0.57,0.15,-0.76,0.57,0.17,-0.76,0.53,0.2,-0.88,0.06,0.44,-0.94,-0.1,-0.24,-0.79,0,-0.11,-1.05,0.08,-0.13,-0.59,0.009999999,-0.38,-0.52,0.59,0.93,0.07,-0.66,0.68,0.05,-0.62,0.7,0.05,-0.59,0.73,-1.98,1.27,-0.5,-1.04,0.08,-0.4
Sat Aug 12 00:12:59 2023,-0.75,0.58,-0.33,-0.75,0.57,-0.32,-0.75,0.57,-0.3,-0.65,0.72,-0.25,-0.64,0.13,-0.16,-1.09,0.17,-0.13,-0.92,0.06,-0.18,-0.85,0.04,-0.07,-1.07,0,0.23,0.08,-0.98,0.22,0.07,-0.93,0.3,0.06,-0.92,0.3,0.06,-0.91,0.34,0.05,-0.92,0.34
Sat Aug 12 00:13:24 2023,-0.39,0.93,-0.14,-0.37,0.91,-0.14,-0.36,0.89,0.25,-0.81,0.15,-0.09,-1.35,0.05,-0.37,-1.13,0.03,-0.05,-0.89,0.11,-0.13,-0.95,0.09,-0.04,-0.91,0.1,-0.28,-0.61,0.18,0.47,0.08,-1.05,0.23,0.08,-0.91,0.34,0.1,-0.91,0.35,0.09,-0.9,0.37
Sat Aug 12 00:13:47 2023,-0.75,0.6,-0.28,-0.75,0.62,-0.26,-0.68,0.54,-0.21,-0.78,0.03,-0.1,-0.82,0.12,-0.34,-0.87,0.1,-0.22,-0.89,0.23,-0.23,-0.98,0.18,-0.35,-0.81,0.04,-0.35,0.03,0.56,-0.14,0.25,0.84,-0.32,0.22,0.91,-0.52,0.23,0.9,-0.5,0.22,0.91,-0.49
Sat Aug 12 00:14:13 2023,-0.45,0.88,-0.05,-0.45,0.88,-0.05,-0.42,0.84,0.4,-1.01,0.06,-0.02,-1.1,0.02,-0.11,-0.87,0.11,-0.009999999,-0.9700001,0.27,-0.06,-0.93,0.22,-0.38,-0.93,0.2,-0.24,-0.58,-0.03,-0.31,0.74,0.78,-0.62,0.92,0.45,0.13,0.89,0.49,0.11,0.89,0.45,0.18
Sat Aug 12 00:14:36 2023,-0.42,0.91,0.02,-0.41,0.88,0.06,-1.04,-0.23,-0.25,-0.86,0.04,-0.16,-0.78,0.22,-0.22,-0.9599999,0.32,-0.11,-0.8,0.02,0.06,-1.04,0.19,-0.1,2,0.27,-1.91,0.19,0.94,-0.5,0.27,0.83,-0.6,0.27,0.87,-0.54,0.29,0.88,-0.54,0.28,0.86,-0.52
Sat Aug 12 00:15:01 2023,-0.79,0.58,-0.1,-0.79,0.58,-0.1,-0.87,0.5,0.04,-0.93,-0.02,0.09,-1.39,0.13,-0.2,-0.78,0.17,-0.35,-0.85,-0.13,0.05,-0.85,0.18,-0.35,1.28,-1.98,-0.24,-0.009999999,0.46,0.8,-0.03,0.47,0.81,-0.03,0.48,0.8,0.13,1.01,0.34,-0.79,0.87,-1.46
Sat Aug 12 00:15:23 2023,-0.82,0.49,-0.3,-0.81,0.49,-0.31,-0.66,0.46,-0.24,-0.55,0.16,-0.02,-0.83,0.05,-0.11,-0.81,0.17,-0.17,-0.9,0.22,-0.08,-0.75,0.23,-0.36,2,-0.4,-1.5,0.25,1.04,-0.46,0.22,0.91,-0.56,0.21,0.9,-0.49,0.2,0.91,-0.48,0.21,0.91,-0.48
Sat Aug 12 00:15:56 2023,0.08,0.89,-0.57,0.08,0.89,-0.57,-0.13,0.91,-0.81,-1.15,-0.19,-0.61,-0.93,0.13,-0.13,-0.92,0.13,-0.12,-0.92,0.41,-0.4,-0.91,-0.11,-0.46,2,2,-1.51,0.79,0.38,0,0.92,0.49,0.03,0.91,0.48,-0.03,0.92,0.48,0.04,0.92,0.39,0.09
Sat Aug 12 00:16:17 2023,-0.75,0.52,-0.47,-0.75,0.53,-0.44,-0.75,0.62,-0.25,-1.06,-0.29,-0.16,-0.89,0.16,-0.18,-1.05,0.12,-0.03,-1.05,0.1,-0.03,-0.9,0.17,-0.62,-1.12,-0.08,-0.18,1.95,0.27,-1.01,0.23,0.27,-0.92,0.19,0.54,-0.92,0.18,0.62,-0.86,0.18,0.62,-0.87
Sat Aug 12 00:16:37 2023,-0.3,0.84,0.4,-0.28,0.82,0.38,-0.29,0.82,0.41,-0.86,-0.05,0.03,-0.87,0.05,-0.41,-0.86,0.15,-0.22,-1.48,0.19,-0.14,-1.23,0,-0.08,-0.84,0.37,-0.72,0.15,1.32,-1.52,0.17,0.75,-0.71,0.23,0.77,-0.71,0.21,0.8,-0.66,0.23,0.82,-0.64
Sat Aug 12 22:53:31 2023,-0.47,0.83,0.03,-0.57,0.78,0.15,-0.15,0.66,-0.23,-0.8,0.86,-0.2,-1.22,0.27,-0.13,-0.75,0.11,-0.32,-0.98,0.2,-0.37,-0.95,0.02,-0.57,-0.009999999,0.4,0.37,0.04,0.26,0.91,0.03,0.18,0.9,0.04,0.15,0.91,0.03,0.13,0.91,0.04,0.14,0.9
Sat Aug 12 22:54:01 2023,0.11,1.01,-0.13,0.12,0.9599999,-0.15,-0.84,1.06,0.16,-0.72,0.44,-0.29,-0.77,0.78,-0.18,-1.39,0.009999999,-0.2,-0.94,0.28,0.02,-1.32,-0.05,0.23,-0.8,-0.35,0.37,0.11,0.3,1.38,0.02,0,0.91,0.02,0.009999999,0.93,0.009999999,0.009999999,0.92,0.02,0,0.92
Sat Aug 12 22:54:25 2023,-0.63,0.64,-0.52,-0.61,0.64,-0.52,-0.57,0.57,-0.48,-1.02,0.29,-0.27,-1.02,0.14,-0.46,-1.17,0.35,-0.04,0.03,-0.03,0.91,0.03,-0.03,0.91,0.02,-0.04,0.91,-0.41,-0.78,0.86,-0.58,0.04,0.24,-0.82,0.93,-0.12,-0.81,0.32,-0.36,-0.36,0.79,0.24
Sat Aug 12 22:54:49 2023,-0.58,0.79,0.009999999,-0.57,0.8,0.009999999,-0.51,0.54,-0.16,-0.87,0.08,-0.24,-1,0.04,-0.22,-1.33,-0.02,-0.19,-0.64,-0.18,-0.38,-1.36,-0.04,0.12,-0.31,-0.26,-0.11,-0.16,0,0.95,0.02,-0.009999999,0.92,0.009999999,0,0.91,0.03,0.009999999,0.92,0.02,0,0.92
Sat Aug 12 22:55:10 2023,-0.86,-0.45,-0.18,-0.86,-0.46,-0.18,-0.84,-0.46,-0.18,-0.79,-0.11,-0.33,-1.78,-0.03,0.14,-0.57,0.09,-0.22,-1.19,0.06,-0.51,-0.71,0.34,-0.35,-0.63,-0.09,-0.16,0.33,-0.23,0.78,0.05,0.009999999,0.93,0.04,0.009999999,0.93,0.04,-0.009999999,0.92,0.03,-0.009999999,0.92
Sat Aug 12 22:55:33 2023,-0.9599999,0.03,-0.08,-0.9599999,0.02,-0.07,-1.15,-0.27,0.22,-0.9,-0.1,-0.68,-0.94,-0.2,0.18,-0.06,0.11,0.87,0.02,-0.06,0.92,0.03,-0.06,0.92,0.03,-0.06,0.93,0.04,-0.07,0.92,0.05,-0.07,0.89,-0.77,0.16,0.28,-0.7,-0.03,-0.08,-0.94,0.19,-0.37
Sat Aug 12 22:55:54 2023,-0.88,-0.44,-0.13,-0.87,-0.41,-0.11,-0.85,-0.36,0.03,-1.47,-0.08,-0.45,-1.49,-0.37,0.28,0.009999999,0.37,0.71,0.009999999,0.27,0.9,0.009999999,0.17,0.9,0,0.15,0.91,0.009999999,0.14,0.9,-0.06,0.009999999,1.02,-0.21,0.15,-0.88,-0.38,-0.02,-0.82,-1.21,-0.02,-0.26
Sat Aug 12 22:56:14 2023,-0.9700001,0.009999999,-0.08,-1.01,-0.02,-0.009999999,-1.07,0.009999999,-0.14,-1,0.02,-0.03,-0.84,0.19,-0.47,-0.68,0.13,-0.17,-0.74,0.2,-0.41,-0.68,-0.15,-0.06,-0.1,0.73,1,0.03,-0.11,0.94,0.02,-0.03,0.92,0.02,-0.03,0.92,0.009999999,-0.04,0.92,0.02,-0.03,0.92
Sat Aug 12 22:56:36 2023,-0.95,0,0,-0.9700001,0.009999999,0.02,-0.9599999,0.009999999,0.03,-0.87,0.17,-0.38,-0.84,0.04,-0.23,-0.86,-0.009999999,-0.34,-1.13,0.04,0.009999999,-1.27,0.04,-0.06,-1.13,0.12,-0.36,-0.24,-0.17,-0.57,-0.02,0.19,0.89,0,0.15,0.91,0.08,-0.02,0.9,-0.7,0.18,0.54
Sat Aug 12 22:56:56 2023,-0.9599999,-0.08,-0.03,-0.95,-0.04,-0.06,-1.22,-0.08,-0.19,-1.46,2,-0.55,-1.95,0.29,0.14,-1.63,-0.06,-0.34,-0.85,-0.43,-0.23,0.22,0.26,0.56,0.04,-0.05,0.93,0.04,-0.09,0.92,-0.04,-0.13,0.86,-0.86,0.39,-0.59,-1.23,0.1,-0.4,-0.89,0.07,-0.13
Sat Aug 12 22:57:17 2023,-1,-0.02,-0.1,-0.9700001,-0.02,-0.08,-1.08,0.07,-0.53,-0.71,0.13,-0.46,-1.73,0.5,-0.29,-1.39,0.56,-0.47,-0.79,-0.37,-0.12,0.25,-0.2,1.43,0.06,-0.11,0.9,0.02,-0.16,0.9,0.02,-0.18,0.9,0.02,-0.17,0.92,0.02,-0.17,0.9,-0.16,-0.21,1.06
Sat Aug 12 22:57:39 2023,-1.01,-0.03,-0.14,-0.95,-0.02,-0.12,-0.98,-0.009999999,-0.13,-1.21,-0.05,-0.1,-0.9599999,0.009999999,-0.23,-0.81,0.14,-0.63,-1.67,-0.18,-0.14,-0.63,0.14,0.34,-1.03,-0.23,-0.23,-0.84,0.09,-0.009999999,-0.14,1.45,1.64,0.04,-0.13,0.92,0.05,-0.08,0.92,0.04,-0.08,0.92
Sat Aug 12 22:57:59 2023,-0.99,0.009999999,-0.09,-0.9700001,-0.009999999,-0.05,-1.03,-0.1,-0.04,-0.75,-0.09,-0.66,-0.69,0.08,-0.27,-0.72,0.12,-0.37,-0.98,-0.02,-0.34,-0.85,-0.1,-0.27,-0.17,0.56,0.24,0.05,-0.19,0.9,0.06,-0.15,0.91,0.05,-0.15,0.91,0.08,-0.17,0.9,-0.87,0.02,0.26
Sat Aug 12 22:58:19 2023,-0.98,-0.02,-0.07,-0.9599999,0,-0.11,-0.95,-0.02,-0.11,-1.09,-0.18,-0.46,-0.9,0.26,0.03,-1.9,0.45,0.1,-0.81,0.37,-0.61,-0.86,-0.64,-0.51,-0.65,2,2,0.03,-0.009999999,0.92,0,-0.13,0.91,0.02,-0.15,0.91,0.009999999,-0.15,0.91,0.009999999,-0.15,0.9
Sat Aug 12 22:58:43 2023,-0.9700001,0,-0.08,-0.9599999,0.02,-0.09,-0.9599999,0,-0.09,-0.87,-0.1,-0.09,-1.31,0.23,-0.32,-1.11,-0.05,-0.28,-0.88,0.21,-0.31,-0.72,-0.009999999,-0.67,-0.59,-0.9599999,1.05,-0.05,0.05,0.92,-0.009999999,0.1,0.91,-0.02,0.1,0.91,-0.33,-0.34,0.48,-0.69,-0.62,0.46
Sat Aug 12 22:59:06 2023,-0.98,-0.02,-0.1,-0.9599999,-0.04,-0.09,-0.95,-0.02,-0.08,-1.29,-0.16,-0.33,-0.81,0.02,-0.09,-1.18,0.06,0,-0.98,-0.02,-0.26,-1.06,-0.02,-0.61,-0.93,0.06,0,-0.13,0.32,0.14,-0.05,0.23,0.86,-0.09,0.28,0.86,-0.09,0.3,0.87,-0.09,0.28,0.87
Sat Aug 12 22:59:44 2023,-0.9599999,-0.08,-0.02,-0.95,-0.06,-0.009999999,-0.98,-0.22,0.13,-0.9599999,-0.16,-0.43,-0.85,-0.22,-0.17,-0.9,-0.24,-0.37,-0.66,-0.27,-0.33,0.06,-0.15,0.77,0.04,-0.07,0.93,0.04,-0.09,0.92,0.009999999,-0.14,0.94,-0.22,-0.02,0.59,-0.79,-0.11,-0.06,-0.9599999,0.22,-0.11
Sat Aug 12 23:00:05 2023,-0.67,0.7,-0.1,-0.68,0.71,-0.09,-0.84,0.56,-0.25,-0.7,0.12,-0.41,-0.6,0.15,-0.4,-1.19,0.03,-0.62,0.02,0.27,1.81,0.1,-0.03,0.88,0.16,-0.14,0.94,0.17,-0.09,0.91,0.17,-0.1,0.9,0.24,-0.02,0.94,-0.5,0.34,0.65,-0.95,0.03,-0.009999999
Sat Aug 12 23:01:08 2023,-0.98,-0.03,-0.12,-0.9700001,-0.02,-0.11,-1.17,-0.33,0.16,-0.94,-0.15,-0.29,-1.22,-0.06,-0.19,-1.53,-0.04,0.05,-0.56,-0.17,-0.41,0.19,-0.15,1.06,0.03,-0.14,0.91,0.04,-0.04,0.93,0.02,-0.05,0.92,-0.61,-0.23,0.43,-1.11,-0.17,0.009999999,-1.51,0.03,-0.44
Sat Aug 12 23:01:36 2023,-0.9599999,-0.04,-0.12,-0.83,-0.19,-0.1,-0.71,-0.06,-0.35,-1.68,0.12,0.71,-0.95,0.26,-0.22,-1.98,0.37,0.14,-0.26,0.38,1.39,0.13,0.03,0.91,0.16,-0.11,0.91,0.16,-0.12,0.91,0.16,-0.33,0.76,-0.18,-0.33,1.03,-1.02,0.17,0.52,-0.89,-0.31,-0.12
Sat Aug 12 23:02:02 2023,-0.72,0.009999999,-0.73,-0.73,0.009999999,-0.73,-0.84,0.16,-0.6,-0.74,0.04,-0.28,-1.61,0.05,-0.64,-0.67,0.12,0,-0.69,-0.19,-0.33,-1.52,0.3,-0.63,-1.75,0.54,-1.09,-0.61,-0.41,0.03,0.25,-0.23,0.91,0.23,-0.11,0.88,0.21,0.2,0.88,0.49,-0.06,0.76
Sat Aug 12 23:02:36 2023,-0.17,0.68,-0.81,-0.55,0.85,-1.18,-0.9599999,-0.1,-0.21,-1.19,-0.31,-0.41,-0.84,0.19,-0.04,-0.72,-0.26,-0.28,-1.8,-0.16,-0.19,-1.59,0,0.29,2,2,2,0.1,-0.62,1.07,0.03,-0.05,0.91,0.04,-0.03,0.92,-0.2,-0.07,0.87,-1.03,-0.2,0.24
Sat Aug 12 23:03:03 2023,-0.67,0.34,-0.71,-0.68,0.35,-0.73,-0.85,0.15,-0.48,-1.02,0.07,0.08,-0.42,0.009999999,-0.24,-1.25,-0.12,-0.24,-0.73,0.09,-0.71,0.67,-0.29,-0.35,0.09,-0.06,0.89,0.04,-0.16,0.91,0.08,-0.17,0.92,0.06,-0.17,0.91,0.14,-0.12,0.9,0.17,-0.06,0.9
Sat Aug 12 23:03:24 2023,-0.84,-0.25,-0.52,-0.84,-0.2,-0.53,-1.18,-0.45,-0.41,-0.9700001,-0.09,-0.25,-0.84,0.009999999,-0.14,-0.7,0.09,-0.05,-1.48,-0.009999999,0,-0.95,-0.19,-0.48,-0.37,-0.57,0.33,0.06,-0.26,0.8,0.03,-0.15,0.91,-0.1,-0.25,0.89,0.009999999,-0.19,0.89,-0.03,-0.24,0.89
Sat Aug 12 23:03:45 2023,-0.9700001,-0.02,-0.06,-0.9599999,-0.009999999,-0.06,-0.9599999,-0.03,-0.06,-0.9700001,-0.14,-0.08,-0.9599999,-0.13,-0.12,-1.18,0.23,0.43,0.07,-0.18,0.94,-0.009999999,-0.1,0.93,0,-0.09,0.92,-0.009999999,-0.09,0.92,-0.68,-0.34,0.11,-1.18,-0.09,-0.11,-0.18,-0.19,-0.16,-1.21,-0.03,-0.41
Sat Aug 12 23:04:06 2023,-0.82,0.28,-0.52,-0.84,-0.05,-0.26,-0.71,-0.03,-0.38,-0.81,-0.26,-0.42,0.45,0.57,-0.71,-0.1,-0.1,-1.11,-0.12,0.46,-0.98,-0.85,0.36,-0.63,-0.86,0.42,-0.51,-1.04,-0.05,-0.82,0.38,0.56,0.65,0.76,-0.02,0.65,0.7,-0.05,0.69,0.59,0.29,0.63
Sat Aug 12 23:04:35 2023,-0.42,0.8,-0.45,-0.42,0.82,-0.4,-0.46,0.94,-0.32,-0.78,0.54,-0.44,-1.14,0.03,0,-1.2,0.08,-0.47,-1.09,0.15,-0.18,-0.16,-0.9700001,-0.35,-0.11,-0.95,-0.37,-0.12,-0.95,-0.38,-0.13,-0.92,-0.38,-0.44,-1.02,-0.91,-0.77,0.27,-0.76,-0.67,0.44,-0.83
Sat Aug 12 23:05:10 2023,-0.92,0.29,-0.2,-0.93,0.3,-0.19,-0.99,0.28,-0.33,-1.43,0.07,-0.39,-0.99,0.25,-0.22,-0.58,0.02,-0.23,0.04,-0.28,-0.74,0.28,-0.76,-0.29,0.1,-0.84,-0.62,-0.37,-0.21,-0.99,-0.62,-0.12,-0.94,-1.06,-0.02,-0.72,0.19,0.51,0.65,-0.25,0.38,0.83
Sat Aug 12 23:05:50 2023,-0.87,0.43,-0.21,-0.86,0.42,-0.19,-0.91,0.44,-0.13,-1.06,0.39,-0.15,-1.16,0.32,-0.33,-0.64,-0.009999999,-0.15,-0.82,0.13,-0.34,-0.71,0.02,-0.09,-1.22,-0.58,-0.17,-0.08,-0.4,1,-0.02,-0.56,0.76,-0.02,-0.57,0.75,-0.02,-0.56,0.75,-0.03,-0.55,0.76
Sat Aug 12 23:06:20 2023,-0.95,-0.03,-0.009999999,-0.9599999,-0.13,-0.09,-0.87,0.07,-0.27,-0.91,0.11,-0.26,-0.98,0.06,-0.29,-1.08,0.04,-0.16,-1.45,-0.79,-0.41,0.009999999,-1.05,-0.39,-0.02,-1.02,-0.04,-0.07,-0.98,0.16,0.15,-0.22,-0.62,-0.37,0.6,-0.91,0.03,0.42,-0.21,-0.31,0.83,-0.28
Sat Aug 12 23:06:52 2023,-0.9,0.35,-0.24,-0.91,0.33,-0.23,-0.9,0.34,-0.23,-0.91,0.34,-0.21,-1.01,0.3,-0.28,-0.89,-0.02,0.06,-0.69,-0.63,-0.64,-1.21,-0.03,-0.26,-1.23,-0.07,-0.08,1.08,-1.41,0.57,0.27,-0.94,-0.09,0.14,-0.9599999,0.18,0.06,-0.92,0.32,0.06,-0.9700001,0.19
Sat Aug 12 23:07:15 2023,-0.99,-0.02,-0.11,-0.86,0.03,-0.36,-1.05,-0.19,0.03,-0.78,-0.17,-0.28,-0.92,-0.23,0.24,2,1.09,0.39,0.05,-0.99,-0.17,-0.16,-0.87,0.69,-1.35,-0.05,-0.31,-0.16,1.13,-0.09,-1.1,0.46,-0.17,-0.73,0,-0.13,-1.35,0.1,-0.29,-1.04,-0.09,-0.22
Sat Aug 12 23:07:52 2023,-0.11,0.73,0.59,-0.44,0.99,0.61,-0.88,0.06,-0.26,-0.8,-0.13,-0.31,-1.2,-0.07,-0.1,-1.45,-0.07,-0.42,-1.36,-0.8,-1.22,0.83,-1.55,-1.98,0.38,-0.76,-0.49,0.05,-0.89,0.35,0.02,-0.92,0.27,-0.009999999,-0.89,0.34,-0.009999999,-0.92,0.36,-0.11,-0.9,0.83
Sat Aug 12 23:08:14 2023,-0.9599999,-0.1,0.06,-0.79,0.22,-0.15,-0.88,0.08,-0.3,-1.12,0.04,-0.22,-1.12,-0.03,-0.17,-0.91,-0.27,0.05,1.8,0.11,0.18,0.62,0.35,-0.86,0.61,0.28,-0.86,0.58,0.28,-0.86,0.59,0.3,-0.86,0.67,0.59,-0.81,-0.89,0.06,-0.3,-1.47,-0.16,-0.19
Sat Aug 12 23:08:35 2023,-0.91,-0.33,-0.05,-0.91,-0.36,-0.09,-0.91,-0.35,-0.09,-1.14,-0.37,0.009999999,-1.09,-0.009999999,0.08,-1.68,0.06,-0.28,-0.91,0.1,-0.32,-1.18,-0.33,-0.28,-1.24,0.1,-0.13,-0.37,-0.09,0.7,0.94,0.02,-0.59,0.77,0.06,-0.81,0.75,0.08,-0.8,0.84,0.09,-0.69
Sat Aug 12 23:08:58 2023,-0.94,-0.17,0.04,-0.94,-0.16,0.03,-0.9700001,-0.21,0.07,-1.05,-0.54,0.19,-0.69,0.12,-0.09,-0.65,0.12,-0.49,-0.75,0.07,-0.2,1,-0.37,-0.46,0.83,-0.17,-0.71,0.91,-0.02,-0.57,0.93,0,-0.54,0.93,0,-0.53,0.92,-0.009999999,-0.54,0.88,0.26,-0.32
Sat Aug 12 23:09:37 2023,-0.95,-0.16,0.06,-1.44,0.04,-0.47,-1.27,-0.05,-0.42,-1.03,-0.1,-0.26,1.12,-0.23,-0.12,0.94,0.43,-0.05,0.89,0.42,0.23,0.9,0.41,0.23,0.89,0.43,0.2,0.89,0.43,0.22,0.88,0.45,0.22,0.88,0.44,0.23,-0.23,0.74,-0.54,-0.48,0.22,-0.91
Sat Aug 12 23:10:23 2023,-0.88,0.35,-0.33,-0.88,0.34,-0.3,0.77,0.52,-0.55,0.75,0.54,-0.55,0.74,0.56,-0.54,0.73,0.57,-0.54,0.72,0.58,-0.54,0.72,0.59,-0.53,0.72,0.59,-0.54,0.79,0.58,-0.4,-0.5,0.94,-1.56,-0.35,-1.1,-1.29,-0.84,-0.04,-0.37,-0.69,0.81,-0.4
Sat Aug 12 23:10:49 2023,-0.91,0.35,-0.12,-0.9,0.36,-0.11,-0.89,0.35,-0.02,-1,0.15,0.23,-1.15,-0.02,-0.26,-1.1,-0.06,-0.17,-0.61,0.12,-0.33,-1.14,-0.22,0.009999999,-1.06,0.69,0.14,0.85,0.63,-0.22,0.78,0.71,-0.18,0.95,0.45,-0.05,0.9599999,0.39,-0.03,0.94,0.42,-0.03
Sat Aug 12 23:11:14 2023,-0.89,0.4,-0.1,-0.89,0.39,-0.13,-1.18,0.06,-0.34,-1.06,-0.27,-0.23,-1.04,0.14,0.14,-0.77,-0.08,-0.07,0.07,-0.07,-0.34,0.98,-0.02,-0.44,0.76,-0.46,-0.58,0.77,-0.48,-0.58,0.78,-0.47,-0.58,0.76,-0.48,-0.61,0.89,0.52,-0.34,0.98,0.23,-0.28
Sat Aug 12 23:11:48 2023,-0.92,0.23,-0.23,-0.94,0.23,-0.22,-0.89,0.47,-0.43,-0.68,0.11,-0.23,-0.8,0.24,-0.37,-1.01,0.009999999,-0.21,-0.57,-0.09,-0.19,1.95,1.04,-0.49,0.94,0.29,-0.41,0.9599999,0.28,-0.35,0.9700001,0.28,-0.35,0.95,0.28,-0.36,0.9700001,0.29,-0.34,1.02,0.37,-0.14
Sat Aug 12 23:12:23 2023,-0.9599999,-0.14,0,-0.99,-0.29,0.02,-0.91,-0.009999999,-0.15,-1.55,-0.07,-0.36,-1.01,0.18,-0.08,-0.88,-0.05,-0.12,-1.82,-0.71,-0.06,0.12,-0.67,0.85,0.02,-0.51,0.79,0.04,-0.51,0.77,0.04,-0.48,0.79,0.05,-0.51,0.79,-1.21,0.33,1.92,-0.87,0,-0.18
Sat Aug 12 23:12:59 2023,-0.87,0.03,-0.55,-0.85,0.06,-0.57,-0.71,0.11,-0.41,-0.74,0.13,-0.45,-0.48,-0.12,-0.33,-1.31,-0.05,-0.46,-1.45,0.19,-0.76,-0.26,-0.16,0.42,-0.04,-0.42,0.83,-0.009999999,-0.47,0.79,-0.009999999,-0.48,0.79,-0.009999999,-0.49,0.78,-0.44,-0.28,0.83,-1,0.13,0.03
Sat Aug 12 23:13:28 2023,-0.88,0.19,-0.46,-0.88,0.21,-0.46,-0.87,0.21,-0.43,-1.08,0.009999999,-0.46,-1.93,0.07,-0.46,-0.77,0.26,-0.08,-0.91,0.009999999,-0.07,-1.17,-0.03,-0.009999999,-1.98,-1.98,1.29,0.11,-0.31,0.69,-0.009999999,-0.41,0.84,0,-0.42,0.83,0,-0.42,0.83,0,-0.42,0.84
Sat Aug 12 23:14:15 2023,-0.27,0.75,-0.69,-0.26,0.77,-0.67,-0.55,0.9,-0.6,-1.1,0.26,-0.22,-1.01,0.12,-0.57,-0.71,0.18,-0.46,-0.87,-0.06,-0.25,-0.58,0.16,-0.22,0.77,0.24,0.08,0.85,0.48,-0.36,0.9700001,0.39,-0.06,1.03,0.17,-0.04,1,0.3,-0.04,0.9599999,0.34,0.08
Sat Aug 12 23:14:47 2023,-0.29,0.28,0.82,-0.81,-0.08,0.76,-1.13,-0.07,0.06,-0.91,-0.05,-0.41,-0.66,0.02,-0.18,-0.92,0.2,-0.63,-0.41,0.22,-0.5,-0.89,0.27,-0.48,-0.5,-0.02,-0.77,-0.009999999,-0.28,0.79,-0.02,-0.51,0.77,-0.03,-0.52,0.78,-0.02,-0.52,0.77,-1.19,-0.05,-0.13
Sat Aug 12 23:15:11 2023,-0.38,0.21,-0.98,-0.38,0.21,-0.98,-0.8,0.37,-0.35,-1.2,0.12,-0.21,-1.49,-0.56,-0.49,-0.78,0.17,-0.26,-0.55,-0.11,-0.47,0.92,0.28,-0.74,0.95,-0.1,0.02,0.16,-0.82,0.02,-0.31,-1.01,-0.1,0.03,-0.9599999,0.45,0.3,-1.14,-0.3,-0.71,0.51,-0.22
Sat Aug 12 23:15:32 2023,-0.6,0.71,0.22,-0.6,0.71,0.25,-0.59,0.7,0.28,-0.65,0.63,0.12,-0.66,0.06,-0.18,-1.02,0.26,-0.33,-1.14,-0.06,0.06,-0.62,-0.14,-0.36,2,2,0.83,0.98,0.22,0.2,0.9700001,0.24,0.16,0.41,1.43,-0.56,-0.45,-0.2,-0.19,-1.12,-0.23,0.09
Sat Aug 12 23:15:54 2023,-0.74,0.26,-0.65,-0.76,0.27,-0.63,-0.99,0.48,-0.87,-0.98,-0.03,-0.51,-0.08,0.04,-0.02,-0.02,-0.47,0.84,0,-0.51,0.79,0,-0.52,0.78,0,-0.51,0.78,0,-0.51,0.78,0,-0.5,0.78,0,-0.5,0.78,-0.41,-1.3,0.99,-0.98,0.09,0.14
Sat Aug 12 23:16:18 2023,-0.9,-0.27,-0.33,-0.89,-0.32,-0.34,-0.86,-0.33,-0.35,-0.81,-0.26,-0.42,-0.8,0,-0.29,-0.98,0.29,-0.56,-0.49,0.17,-0.2,-0.92,0.04,-0.32,-0.85,-0.14,-0.47,-0.31,0.7,-0.28,-0.41,2,-0.23,-0.05,1,0,-0.05,1,-0.02,-0.05,1,-0.05
Thu Aug 17 22:36:14 2023,0.38,0.91,0.15,0.38,0.91,0.14,0.14,0.74,-0.009999999,-0.12,1.05,0.17,-1.31,0.43,0.23,-0.91,0.62,-0.14,-0.91,0.11,0.03,-0.17,0.31,0.26,0.04,-0.11,0.95,0.02,-0.2,0.89,0.009999999,-0.27,0.88,0,-0.27,0.9,0,-0.27,0.89,-0.02,-0.32,0.92
Thu Aug 17 22:37:38 2023,-0.77,0.5,-0.42,-0.76,0.51,-0.43,-0.87,0.44,-0.55,-0.81,0.32,-0.4,-1.19,-0.02,-0.14,-0.98,-0.02,-0.31,-1.42,-0.55,0.5,-0.9,0.19,-0.51,-0.82,0.3,-0.39,-1.05,-1.15,-0.03,-0.04,-0.39,1.04,0.03,-0.45,0.8,0.05,-0.49,0.8,0.03,-0.51,0.78
Thu Aug 17 22:38:05 2023,-0.65,0.7,0.16,-0.63,0.7,0.18,-0.68,0.69,0.14,-0.6,0.83,0.35,-0.42,0.81,0.11,-0.79,0.45,0.57,-0.9599999,0.38,-0.18,-0.79,0.21,-0.34,-1.09,0.31,1.25,0.02,-0.88,0.3,0,-0.94,0.26,0,-0.94,0.26,0,-0.95,0.26,0.009999999,-0.95,0.24
Thu Aug 17 22:38:33 2023,-0.57,0.74,0.24,-0.57,0.73,0.24,-0.58,0.73,0.25,-0.83,0.35,0.11,-1.02,0.62,-0.32,-0.69,0.15,-0.02,-0.83,0.03,-0.11,1.09,1,0.93,0.009999999,-0.99,-0.46,0.03,-0.99,-0.37,0.04,-0.95,-0.39,0.04,-0.95,-0.43,-0.58,-0.09,-0.54,-0.32,0.78,-0.49
Thu Aug 17 22:39:00 2023,-0.7,0.55,0.34,-0.58,0.45,0.41,-1,0.48,0.27,-0.89,0.28,0.23,-0.92,0.2,0,-0.92,0.34,0.12,-0.84,0.29,0.1,0.18,-0.62,-0.31,-0.009999999,-0.93,-0.5,-0.009999999,-0.91,-0.5,-0.009999999,-0.89,-0.51,-0.009999999,-0.91,-0.51,-0.009999999,-0.9,-0.52,-0.009999999,-0.91,-0.52
Thu Aug 17 22:39:28 2023,-0.52,0.45,0.62,-0.51,0.43,0.63,-0.57,0.48,0.58,-0.36,0.89,0.74,-0.98,-0.04,0.19,-0.86,0.24,0.2,-1.07,0.1,0.14,-0.74,0.2,0.12,-0.92,0.49,0.09,0.11,-1.17,-0.54,-0.04,-0.86,-0.62,-0.04,-0.85,-0.63,-0.05,-0.85,-0.63,-0.04,-0.85,-0.63
Thu Aug 17 22:40:08 2023,-0.56,0.45,0.6,-0.57,0.45,0.58,-0.84,-0.12,0.54,-1,0,-0.009999999,-0.93,0.66,0.09,0,-0.71,-0.63,-0.03,-0.87,-0.59,-0.04,-0.87,-0.59,-0.04,-0.87,-0.59,-0.03,-0.86,-0.58,-0.03,-0.79,-0.55,-0.02,-0.81,-0.68,-0.02,-0.82,-0.68,-0.02,-0.81,-0.68
Thu Aug 17 22:41:03 2023,-0.6,0.54,0.48,-0.59,0.53,0.49,-0.67,0.55,0.44,-0.63,0.82,0.75,-1.12,0.31,0.21,-0.89,0.34,-0.19,-0.87,0.07,0.03,-0.69,0.39,0.14,-0.77,0.37,-0.19,-1.4,1.87,0.18,-0.03,-0.46,0.78,-0.009999999,-0.46,0.79,-0.03,-0.52,0.77,-0.02,-0.51,0.78
Thu Aug 17 22:42:04 2023,0.07,1.01,0,0.07,1.01,0,0.07,1,0.03,-0.08,0.92,0.1,-0.95,0.8,0.02,-1.13,0.38,-0.27,-0.94,0.45,-0.29,-1.22,0.3,-0.81,-0.86,0.05,-0.17,-0.34,-0.6,-0.22,-0.07,-0.3,0.86,-0.05,-0.32,0.87,-0.05,-0.32,0.87,-0.06,-0.32,0.87
Thu Aug 17 22:42:32 2023,-0.66,0.73,-0.21,-0.66,0.72,-0.21,-0.71,0.71,-0.33,-0.69,0.53,0,-1.05,0.26,-0.24,-0.92,0.31,-0.59,-0.98,0.19,-0.34,-0.91,-0.06,-0.31,-0.38,-0.5,-0.05,-0.08,-0.47,0.8,-0.09,-0.46,0.8,-0.07,-0.46,0.81,-0.08,-0.45,0.8,-0.08,-0.47,0.8
Thu Aug 17 22:42:56 2023,-0.73,0.65,-0.22,-0.73,0.65,-0.23,-0.74,0.63,-0.22,-0.65,0.04,-0.09,-1.14,0.26,-0.28,-0.82,0.25,-0.16,-1.2,-0.19,1.76,-0.04,-0.38,0.81,-0.07,-0.47,0.8,-0.07,-0.47,0.79,-0.06,-0.46,0.8,-0.07,-0.47,0.81,-0.07,-0.46,0.81,-0.06,-0.46,0.8
Thu Aug 17 22:43:23 2023,-0.57,0.78,-0.25,-0.57,0.79,-0.23,-0.56,0.8,-0.22,-0.48,0.74,-0.21,-0.66,0.15,-0.12,-1.07,0.24,-0.009999999,-0.35,0.41,-0.44,-0.89,0.13,-0.37,0.68,0.89,-1.86,-0.08,-0.4,0.81,-0.09,-0.53,0.77,-0.1,-0.52,0.78,-0.08,-0.66,0.65,0.009999999,-0.48,0.77
Thu Aug 17 22:43:50 2023,-0.37,0.8,0.35,-0.36,0.81,0.38,-0.4,0.85,0.36,-0.27,0.67,0.17,-0.78,0.24,-0.07,-0.75,0.36,-0.49,-0.83,-0.009999999,-0.16,-0.87,0.44,-0.31,-0.72,0.03,-0.17,-0.84,-0.9700001,0.44,-0.1,-0.009999999,1.17,-0.12,-0.26,0.86,-0.11,-0.23,0.87,-0.11,-0.24,0.88
Thu Aug 17 22:44:40 2023,-0.54,0.7,-0.52,-0.53,0.71,-0.51,-0.8,0.54,-0.66,-1.32,0.79,-0.7,-1.12,0.37,-0.18,-0.82,0.18,-0.09,-0.86,0.33,-0.5,-0.67,0.21,-0.07,-1.52,-1.29,2,0.02,-0.33,0.81,0.02,-0.45,0.82,0.009999999,-0.47,0.81,0.009999999,-0.47,0.8,0.009999999,-0.46,0.8
Thu Aug 17 22:45:05 2023,-0.48,0.82,-0.32,-0.48,0.83,-0.31,-0.55,0.84,-0.37,-0.56,0.75,-0.45,-0.61,0.32,-0.03,-0.79,0.36,-0.08,-1.53,0.53,0.02,-0.78,0.36,-0.41,-0.54,0.24,-0.47,-0.02,-0.12,0.8,-0.1,-0.38,0.82,-0.1,-0.43,0.82,-0.1,-0.4,0.83,-0.1,-0.41,0.83
Thu Aug 17 22:45:54 2023,-0.71,0.57,0.26,-0.71,0.58,0.26,-0.82,0.71,0.23,-0.49,0.6,0.4,-0.74,0.14,-0.22,-0.84,0.6,-0.45,-0.91,0.23,-0.16,-0.92,0.28,-0.3,-1.07,0.07,-0.13,-0.1,-0.58,0.86,-0.07,-0.46,0.8,-0.07,-0.46,0.8,-0.08,-0.47,0.8,-0.08,-0.47,0.8
Thu Aug 17 22:46:52 2023,-0.5,0.67,0.43,-0.5,0.66,0.43,-0.53,0.77,0.35,-0.62,0.57,0.3,-0.78,0.29,-0.07,-0.84,0.19,-0.14,-0.7,0.34,-0.41,-0.86,0.15,-0.27,-0.28,-0.93,0.78,-0.06,-0.28,0.86,-0.1,-0.34,0.85,-0.09,-0.35,0.85,-0.1,-0.35,0.84,-0.1,-0.35,0.85
Thu Aug 17 22:47:18 2023,-0.66,0.58,0.33,-0.67,0.58,0.35,-0.68,0.59,0.31,-0.63,0.54,0.48,-0.51,0.44,0.55,-0.95,0.2,-0.12,-0.74,0.5,-0.17,-0.71,0.56,-0.19,-0.84,0.38,-0.16,-0.33,0.32,-0.27,0.22,-0.93,-0.38,-0.13,-0.73,0.6,-0.1,-0.67,0.66,-0.1,-0.66,0.66
Thu Aug 17 22:47:56 2023,0.13,0.99,0.11,0.13,0.99,0.12,-0.12,1,0.11,-0.87,0.13,-0.21,-1.05,0.35,-0.3,-0.73,0.23,-0.31,-0.91,0.16,-0.23,-0.98,0.33,-0.5,-0.94,0.22,-0.05,-0.86,0.34,-0.33,-0.92,-0.83,0.54,-0.18,-0.26,0.82,-0.1,-0.23,0.89,-0.08,-0.23,0.89
Thu Aug 17 22:49:35 2023,0.21,0.99,-0.009999999,0.22,1,0.009999999,0.34,1.02,0.009999999,-0.26,1.01,0.17,-0.79,0.26,-0.17,-0.98,0.41,-0.46,-0.83,0.33,-0.09,-0.43,0.47,-0.38,-1.08,0.22,-0.009999999,-0.9700001,0.37,-0.38,-0.98,-0.3,0.6,0.25,-0.64,0.69,-0.09,-0.37,0.84,-0.09,-0.4,0.83
Thu Aug 17 22:50:38 2023,-0.18,0.99,-0.1,-0.2,0.98,-0.12,-0.24,0.99,-0.17,-0.2,0.99,-0.3,-1.03,0.39,-0.009999999,-0.82,0.43,-0.31,-1.11,0.27,-0.09,-1,0.52,0.04,-0.8,0.16,-0.08,-0.88,0.47,-0.32,2,-1.27,-1.1,-0.07,-0.51,0.78,-0.09,-0.51,0.78,-0.09,-0.51,0.77
Thu Aug 17 22:51:09 2023,-0.85,0.41,-0.35,-0.84,0.43,-0.34,-0.84,0.4,-0.42,-1.05,0.25,-0.1,-0.94,0.22,-0.29,-0.81,0.16,-0.22,-1.03,0.34,-0.1,-0.88,0.29,-0.11,-0.02,-0.17,-0.11,0.11,-0.78,0.7,-0.1,-0.62,0.69,-0.1,-0.62,0.69,-0.11,-0.63,0.68,-0.11,-0.63,0.68
Thu Aug 17 22:51:34 2023,-0.16,0.98,-0.04,-0.16,0.99,-0.03,-0.18,0.9700001,-0.11,-0.91,0.29,-0.03,-0.94,0.32,-0.24,-0.87,0.35,-0.04,-0.4,0.64,-0.18,-0.85,0.25,-0.15,-0.65,-0.54,0.04,-0.14,-0.46,0.58,-0.14,-0.62,0.71,-0.14,-0.57,0.73,-0.14,-0.57,0.73,-0.13,-0.55,0.74
Thu Aug 17 22:51:58 2023,-0.59,0.8,-0.08,-0.58,0.8,-0.05,-0.58,0.86,-0.03,-1.28,0.25,0.5,-1.18,0.64,-0.09,-1.03,0.71,-0.2,-0.88,0.58,-0.29,-0.63,0.58,-0.52,-0.9599999,0.51,-0.23,-0.86,0.34,-0.2,2,-0.05,1.56,-0.17,-0.56,0.81,-0.14,-0.52,0.76,-0.14,-0.53,0.75
Thu Aug 17 22:52:23 2023,-0.19,0.98,-0.13,-0.17,0.99,-0.12,-0.17,0.99,-0.09,-0.09,0.74,-0.13,-0.98,-0.12,-0.24,-0.86,0.42,-0.14,-0.84,0.5,-0.18,-0.74,0.41,-0.18,-0.81,0.38,-0.16,-0.67,0.61,-0.11,-0.36,-0.25,-0.05,-0.13,-0.59,0.69,-0.13,-0.63,0.69,-0.13,-0.63,0.69
Thu Aug 17 22:52:47 2023,-0.9700001,0.28,-0.04,-0.76,0.41,-0.15,-0.77,0.37,-0.21,-0.75,0.45,-0.13,-0.94,0.43,-0.28,-0.59,0.03,-0.3,-0.47,-0.98,0.6,-0.06,-0.28,0.88,-0.07,-0.27,0.87,-0.07,-0.28,0.89,-0.07,-0.28,0.88,-0.07,-0.28,0.88,-0.07,-0.27,0.87,-1.04,0.11,0
Thu Aug 17 22:53:31 2023,-0.27,0.65,0.6,-0.26,0.66,0.61,-0.13,0.64,0.56,-0.87,0.34,0.31,-0.81,0.37,-0.28,-1.38,0.99,-0.29,-0.89,0.51,-0.12,-1.19,-0.8,0.08,-0.26,-0.71,0.82,-0.12,-0.56,0.75,-0.12,-0.55,0.74,-0.11,-0.55,0.76,-0.13,-0.54,0.74,-0.13,-0.55,0.75
Thu Aug 17 22:54:13 2023,-0.52,0.73,0.35,-0.51,0.73,0.35,-0.51,0.73,0.36,-0.43,0.74,0.38,-0.78,0.37,-0.24,-0.91,0.61,-0.14,-0.77,0.5,-0.04,-0.7,0.73,0.07,-1.11,0.53,-0.41,-0.53,1.07,-0.92,-0.49,-0.9700001,0.9,-0.15,-0.67,0.65,-0.15,-0.64,0.67,-0.16,-0.64,0.67
Thu Aug 17 22:54:48 2023,-0.11,0.64,0.68,-0.1,0.62,0.68,0.21,0.52,0.82,-0.77,0.53,0.34,-0.94,0.53,-0.11,-1,0.14,-0.3,-0.26,0.39,-0.19,-0.83,0.35,-0.02,-0.52,0.39,-0.23,-0.14,-0.45,0.8,-0.14,-0.46,0.8,-0.14,-0.46,0.8,-0.14,-0.45,0.79,-0.14,-0.49,0.8
Thu Aug 17 22:55:14 2023,-0.13,0.23,0.87,-0.12,0.23,0.88,-0.009999999,0.57,0.77,-0.43,0.89,0.68,-0.64,0.6,0.11,-0.7,0.56,-0.08,-0.31,0.76,0.1,-0.9,0.4,-0.18,-0.72,0.63,0.08,-0.05,-1.02,-1.05,-0.13,-0.58,-0.86,-0.19,-0.65,-0.81,-0.18,-0.64,-0.83,-0.17,-0.65,-0.84
Thu Aug 17 22:55:39 2023,-0.009999999,0.57,0.74,-0.02,0.56,0.75,0.02,0.59,0.74,-0.05,0.56,0.61,-0.26,0.85,0.65,-0.89,0.61,-0.22,-0.95,0.27,-0.26,-1.46,0.86,-0.12,-0.99,0.53,0.05,-0.66,0.31,-0.27,-0.12,0.06,-0.16,-0.13,-0.82,0.54,-0.14,-0.79,0.51,-0.15,-0.78,0.52
Thu Aug 17 22:56:36 2023,-0.41,0.11,0.79,-0.43,0.1,0.81,-0.09,0.39,0.81,-0.37,0.46,0.77,-0.42,0.4,0.69,-0.52,0.53,0.28,-0.83,0.33,-0.27,-0.85,0.24,-0.4,0.73,-0.3,-0.25,-0.07,-0.32,0.88,-0.08,-0.42,0.81,-0.04,-0.42,0.83,-0.04,-0.42,0.83,-0.04,-0.43,0.82
Thu Aug 17 22:56:59 2023,-0.33,0.23,0.83,-0.33,0.22,0.83,-0.44,0.3,0.82,-0.31,0.34,0.81,-0.24,0.25,0.5,-0.44,0.53,0.53,-0.61,0.34,0.35,-0.7,0.27,-0.18,-0.86,0.33,-0.13,-1.03,1.07,0.3,0.86,0.63,0.33,0.85,0.46,0.29,0.82,0.44,0.35,0.81,0.47,0.34
Thu Aug 17 22:57:35 2023,-0.86,0.48,-0.11,-0.85,0.48,-0.1,-0.63,0.54,-0.25,-0.84,0.65,0.14,-0.95,0.18,-0.25,-0.79,-0.21,-0.12,-0.87,0.18,-0.27,-0.85,0.15,-0.36,-0.83,0.26,-0.24,0.09,-0.62,-0.29,1.07,0.09,-0.24,1.11,-0.05,-0.27,1.03,-0.06,-0.2,1.02,0.18,0.03
Thu Aug 17 22:58:00 2023,-0.73,0.65,-0.07,-0.74,0.65,-0.07,-0.7,0.36,-0.21,-0.79,0.82,-0.36,-1.14,0.1,-0.26,-0.85,0.24,-0.38,-0.9,0.21,-0.2,-0.8,0.33,-0.2,-1.11,0.23,-0.28,-0.7,0.34,-0.36,0.81,-0.08,0.009999999,0.91,0.45,-0.33,0.85,0.35,-0.54,0.73,0.48,-0.64
Thu Aug 17 22:58:26 2023,-0.21,0.92,0.28,-0.22,0.91,0.26,-0.21,0.91,0.26,-0.27,0.91,0.03,-0.67,0.5,-0.05,-0.45,0.94,-0.04,-0.34,0.89,-0.25,-1.98,0.42,-0.08,-0.9700001,0.19,-0.22,-0.77,0.66,0.03,0.9700001,0.15,-0.22,0.88,0.14,-0.6,0.66,0.29,-0.85,0.69,0.29,-0.81
Thu Aug 17 22:58:54 2023,-0.32,0.78,-0.62,-0.31,0.78,-0.62,-0.31,0.77,-0.63,-1.23,0.56,-0.65,-1.11,0.08,-0.24,-1.08,0.44,-0.45,-0.99,0.22,-0.33,-0.91,0.19,-0.38,0.21,-0.64,-0.64,0.02,2,-0.59,-0.009999999,0.92,0.32,0.009999999,0.98,0.15,0.02,0.9700001,0.19,0.02,0.9700001,0.15
Thu Aug 17 22:59:20 2023,-0.31,0.78,0.43,-0.26,0.83,0.35,-0.6,0.75,0.1,-0.34,0.67,0.15,-0.2,0.89,0.04,-0.36,0.77,0.04,-1.81,0.45,0.08,-0.6,0.27,-0.23,0.02,0.11,-0.09,0.68,0.56,-0.22,0.82,0.56,-0.35,0.83,0.56,-0.35,0.83,0.55,-0.33,0.83,0.54,-0.34
Thu Aug 17 23:00:00 2023,-0.3,0.82,0.41,-0.3,0.81,0.4,-0.28,0.8,0.4,-0.3,0.81,0.24,-0.78,0.23,-0.13,-0.82,0.11,-0.4,-0.79,0.24,-0.74,-0.68,0.21,-0.28,-1.26,0.21,-0.41,-0.98,0.28,-0.17,-1.95,1.01,-0.78,0.45,1.15,-0.04,0.05,1.01,-0.05,0.05,1.01,-0.03
Thu Aug 17 23:00:27 2023,-0.33,0.87,0.26,-0.33,0.89,0.25,-0.33,0.88,0.25,-0.32,0.88,0.24,-0.22,0.87,0.02,-0.5,0.3,-0.1,-0.8,0.38,-0.54,-0.67,0.53,-0.47,-1.88,0.09,-0.08,-1.23,-1.09,-0.39,-0.04,-0.9700001,-0.76,0.009999999,-0.87,-0.6,0.05,-0.85,-0.62,0.03,-0.9,-0.53
Thu Aug 17 23:00:53 2023,-0.35,0.74,0.49,-0.33,0.75,0.49,-0.32,0.88,0.42,-0.62,1.23,0.02,-0.79,0.35,0.08,-0.85,0.33,-0.34,-0.74,0.52,-0.3,-1.01,0.35,-0.36,-0.87,0.29,-0.23,1.41,0.66,-0.34,0.21,0.93,-0.42,0.21,0.93,-0.43,0.21,0.92,-0.44,0.21,0.93,-0.45
Thu Aug 17 23:01:22 2023,-0.18,0.77,0.53,-0.17,0.78,0.51,-0.18,0.8,0.51,-0.27,1.09,0.17,-1.28,0.25,-0.23,-1.18,0.1,-0.37,-1.09,0.26,-0.49,-0.9599999,0.26,-0.44,-1.42,0.41,-0.36,-0.83,0.21,-0.14,1.45,0.29,0.07,0.12,1.25,0.1,0.08,0.9700001,0.16,0.04,0.86,0.44
Thu Aug 17 23:01:56 2023,-0.48,0.63,0.51,-0.48,0.63,0.5,-0.49,0.63,0.51,-0.46,0.85,0.3,-0.9,0.57,0.16,-1.04,0.26,-0.18,-0.76,0.36,0,-0.85,0.41,-0.37,-0.85,0.41,-0.39,-0.61,0.27,-0.3,-0.9599999,0.22,0.31,0.12,1.17,0.28,0.07,0.94,0.05,0.05,1,0.04
Thu Aug 17 23:02:35 2023,-0.29,0.7,0.59,-0.29,0.7,0.57,-0.29,0.67,0.58,-0.26,0.84,0.45,-0.76,0.2,-0.07,-0.9599999,0.26,-0.08,-0.86,0.19,-0.43,-1.01,0.25,-0.16,-0.86,0.24,-0.32,-0.8,0.18,-0.29,-0.86,0.2,-0.17,0.12,0.45,0.19,0.08,0.77,0.37,0.04,0.91,0.32
Thu Aug 17 23:03:08 2023,-0.19,0.64,0.66,-0.19,0.63,0.66,-0.2,0.65,0.65,-0.29,0.99,0.46,-0.95,0.22,-0.25,-0.9,0.14,-0.28,-0.98,0.37,-0.27,-0.91,0.35,-0.33,-0.75,0.15,-0.27,2,1.48,1.27,0,0.62,0.21,0.03,0.95,0.22,-0.009999999,0.94,0.28,-0.009999999,0.94,0.27
Thu Aug 17 23:03:39 2023,-0.74,0.64,-0.07,-0.73,0.65,-0.06,-0.75,0.7,-0.08,-1.39,0.35,0.21,-1.19,0.24,-0.3,-1.07,0.13,-0.23,-1.01,0.12,-0.14,-0.94,0.16,-0.41,-1,0.16,-0.17,-0.84,0.15,-0.25,0.84,0.2,-0.62,0.09,1.65,-0.51,0.13,0.99,-0.29,0.13,0.99,-0.27
Thu Aug 17 23:04:15 2023,-0.21,0.95,0.2,-0.95,0.12,-0.38,-1.2,0.26,-0.56,-1.02,0.14,-0.39,-1.19,0.08,-0.29,-0.81,0.3,-0.5,-0.53,1.03,0.19,-0.84,1,-0.28,-0.31,0.23,-0.29,-0.67,0.15,0.16,-0.92,0.18,-0.21,-0.68,0.62,-0.48,-0.5,0.93,-0.27,-0.53,0.84,-0.23
Thu Aug 17 23:04:36 2023,-0.52,0.81,-0.22,-0.53,0.82,-0.21,-0.55,0.84,-0.17,-0.9599999,0.02,-0.25,-0.85,0.37,-0.47,-0.68,0.27,-0.41,-0.87,0.34,-0.26,-0.9,0.14,-0.29,-0.61,0.15,-0.94,-0.15,-1.69,-0.06,0.009999999,-1,0.03,0.02,-0.98,0.07,0.009999999,-1,0.05,0.009999999,-0.99,0.06
Thu Aug 17 23:05:13 2023,-0.31,0.92,-0.3,-0.3,0.94,-0.25,-0.34,0.9,-0.2,-0.09,0.7,1.6,0.15,0.39,0.71,0.03,0.58,0.8,-0.48,0.48,0.26,-0.89,0.42,-0.12,-0.74,0.59,-0.03,1.74,0.46,0.24,0.45,0.88,0.3,0.4,0.91,0.22,0.39,0.89,0.21,0.38,0.88,0.24
Thu Aug 17 23:05:39 2023,-0.2,0.04,0.89,-0.2,0.03,0.89,-0.2,0.03,0.9,-0.78,0.53,0.9599999,-0.9,0.28,-0.02,-1.25,0.64,-0.14,-0.98,0.82,0.15,-0.58,0.34,-0.04,0.85,-0.18,0.49,0.05,0.06,0.87,0.1,0.19,0.9,0.1,0.21,0.9,0.1,0.2,0.89,0.1,0.21,0.91